customer_txn_count_60m,customer_amount_mean_prior,amount_deviation_ratio,is_new_device,is_new_merchant,location_shift,customer_device_degree,customer_merchant_degree,device_customer_degree,merchant_customer_degree,shared_device_customer_count,relationship_risk_score,is_fraud
0,0.0,0.0,True,True,False,1,1,1,1,0,0.0,False
0,0.0,0.0,True,True,False,1,1,1,1,0,0.0,True
0,0.0,0.0,True,True,False,1,1,1,1,0,0.0,True
0,0.0,0.0,True,True,False,1,1,2,1,1,0.35,True
0,0.0,0.0,True,True,False,1,1,1,1,0,0.0,True
0,0.0,0.0,True,True,False,1,1,3,1,2,0.7,True
0,0.0,0.0,True,True,False,1,1,1,1,0,0.0,True
0,0.0,0.0,True,True,False,1,1,4,1,3,1.0,True
0,0.0,0.0,True,True,False,1,1,5,1,4,1.0,True
0,0.0,0.0,True,True,False,1,1,1,1,0,0.0,True
0,0.0,0.0,True,True,False,1,1,6,1,5,1.0,True
0,0.0,0.0,True,True,False,1,1,1,1,0,0.0,True
0,0.0,0.0,True,True,False,1,1,7,1,6,1.0,True
0,0.0,0.0,True,True,False,1,1,8,1,7,1.0,True
0,0.0,0.0,True,True,False,1,1,1,1,0,0.0,True
0,0.0,0.0,True,True,False,1,1,9,1,8,1.0,True
0,0.0,0.0,True,True,False,1,1,1,1,0,0.0,True
0,0.0,0.0,True,True,False,1,1,10,1,9,1.0,True
0,0.0,0.0,True,True,False,1,1,1,1,0,0.0,False
0,0.0,0.0,True,True,False,1,1,11,1,10,1.0,True
0,0.0,0.0,True,True,False,1,1,1,1,0,0.0,True
0,0.0,0.0,True,True,False,1,1,12,1,11,1.0,True
1,99.23,-0.73506,True,True,False,2,2,1,1,0,0.0,True
0,0.0,0.0,True,True,False,1,1,13,1,12,1.0,True
0,0.0,0.0,True,True,False,1,1,14,1,13,1.0,True
0,0.0,0.0,True,True,False,1,1,1,1,0,0.0,True
0,0.0,0.0,True,True,False,1,1,15,1,14,1.0,True
0,0.0,0.0,True,True,False,1,1,1,1,0,0.0,True
0,0.0,0.0,True,True,False,1,1,16,1,15,1.0,True
0,0.0,0.0,True,True,False,1,1,17,1,16,1.0,True
1,74.36,-0.764524,True,True,False,2,2,1,1,0,0.0,True
0,13.8,2.052174,True,True,False,2,2,18,1,17,1.0,True
1,13.98,-0.278255,True,True,False,2,2,1,1,0,0.0,True
1,22.55,2.577384,False,True,False,1,2,18,1,17,1.0,True
1,77.24,-0.577809,False,True,False,1,2,18,1,17,1.0,True
2,54.925,-0.575239,True,True,False,2,3,1,1,0,0.0,False
0,0.0,0.0,True,True,False,1,1,1,1,0,0.0,True
0,0.0,0.0,True,True,False,1,1,19,1,18,1.0,True
0,0.0,0.0,True,True,False,1,1,1,1,0,0.0,True
0,0.0,0.0,True,True,False,1,1,20,1,19,1.0,True
0,18.87,5.285109,False,True,False,1,2,20,1,19,1.0,True
0,17.53,3.067313,True,True,False,2,2,1,1,0,0.0,True
0,165.16,-0.7965,False,True,False,1,2,20,1,19,1.0,True
0,0.0,0.0,True,True,False,1,1,1,1,0,0.0,True
1,34.43,0.507116,False,True,False,1,2,20,1,19,1.0,True
0,66.44,-0.574804,False,True,False,1,2,20,1,19,1.0,True
0,0.0,0.0,True,True,False,1,1,1,1,0,0.0,True
0,7.45,5.438926,False,True,False,1,2,20,1,19,1.0,True
0,0.0,0.0,True,True,False,1,1,1,1,0,0.0,True
0,0.0,0.0,True,True,False,1,1,21,1,20,1.0,True
0,64.23,-0.426592,True,True,False,2,2,22,1,21,1.0,True
0,0.0,0.0,True,True,False,1,1,1,1,0,0.0,True
1,51.61,-0.751599,True,True,False,2,3,1,1,0,0.0,False
1,43.16,-0.531742,False,True,False,1,3,22,1,21,1.0,True
0,8.25,4.729697,True,True,False,2,2,1,1,0,0.0,True
0,0.0,0.0,True,True,False,1,1,23,1,22,1.0,True
1,42.37,0.453859,True,True,False,2,2,24,1,23,1.0,True
1,44.415,-0.198469,True,True,False,3,3,1,1,0,0.15,True
0,0.0,0.0,True,True,False,1,1,25,1,24,1.0,True
0,0.0,0.0,True,True,False,1,1,1,1,0,0.0,True
1,20.06,-0.074776,True,True,False,2,2,26,2,25,1.0,True
0,0.0,0.0,True,True,False,1,1,27,1,26,1.0,True
2,35.51,-0.183892,True,True,False,2,4,1,1,0,0.0,True
0,0.0,0.0,True,True,False,1,1,28,1,27,1.0,True
1,38.68,-0.064374,True,True,False,3,4,1,1,0,0.15,True
0,0.0,0.0,True,True,False,1,1,29,1,28,1.0,True
0,69.42,0.861279,True,True,False,2,2,30,1,29,1.0,True
0,45.935,-0.586372,True,True,False,3,3,1,1,0,0.15,True
0,0.0,0.0,True,True,False,1,1,31,2,30,1.0,True
1,57.58,3.595172,True,True,False,2,2,1,1,0,0.0,False
0,0.0,0.0,True,True,False,1,1,1,1,0,0.0,True
0,0.0,0.0,True,True,False,1,1,32,1,31,1.0,True
0,0.0,0.0,True,True,False,1,1,33,1,32,1.0,True
0,0.0,0.0,True,True,False,1,1,1,1,0,0.0,True
0,46.79,-0.779654,False,True,False,1,2,33,1,32,1.0,True
0,0.0,0.0,True,True,False,1,1,1,1,0,0.0,True
0,0.0,0.0,True,True,False,1,1,34,1,33,1.0,True
0,50.53,-0.657233,False,True,False,2,3,34,1,33,1.0,True
0,20.8,1.386058,True,True,False,2,2,1,1,0,0.0,True
0,0.0,0.0,True,True,False,1,1,35,1,34,1.0,True
0,35.6,3.947472,True,True,False,2,2,1,1,0,0.0,True
0,0.0,0.0,True,True,False,1,1,36,1,35,1.0,True
0,0.0,0.0,True,True,False,1,1,37,2,36,1.0,True
0,0.0,0.0,True,True,False,1,1,1,1,0,0.0,True
0,0.0,0.0,True,True,False,1,1,38,1,37,1.0,True
0,0.0,0.0,True,True,False,1,1,1,1,0,0.0,True
0,105.24,-0.699449,False,True,False,1,2,38,1,37,1.0,True
0,7.73,1.545925,True,True,False,2,2,1,1,0,0.0,False
1,28.55,2.105429,False,True,False,1,3,38,1,37,1.0,True
1,25.61,-0.400625,True,True,False,2,2,1,1,0,0.0,True
0,0.0,0.0,True,True,False,1,1,1,1,0,0.0,True
0,0.0,0.0,True,True,False,1,1,1,1,0,0.0,True
0,0.0,0.0,True,True,False,1,1,1,1,0,0.0,True
0,62.76,0.150255,True,True,False,3,3,1,1,0,0.15,True
0,99.315,-0.620198,True,True,False,3,3,1,1,0,0.15,True
0,0.0,0.0,True,True,False,1,1,1,1,0,0.0,False
0,47.345,-0.361707,True,True,False,2,3,1,1,0,0.0,True
0,68.735,0.244781,True,True,False,2,3,1,1,0,0.0,True
0,4.97,6.694165,True,True,False,2,2,1,1,0,0.0,True
0,0.0,0.0,True,True,False,1,1,1,1,0,0.0,True
0,14.28,-0.372549,True,True,False,2,2,1,1,0,0.0,True
0,65.46,1.104644,True,True,False,2,2,1,1,0,0.0,True
0,0.0,0.0,True,True,False,1,1,1,1,0,0.0,False
0,0.0,0.0,True,True,False,1,1,1,1,0,0.0,True
0,161.085,-0.913772,True,True,False,3,3,1,1,0,0.15,True
0,26.47,0.207027,True,True,False,2,2,1,1,0,0.0,True
0,26.7,-0.511236,True,True,False,2,2,1,1,0,0.0,True
0,0.0,0.0,True,True,False,1,1,1,1,0,0.0,True
0,27.76,-0.036023,True,True,False,3,3,1,2,0,0.15,False
1,27.426667,-0.290472,False,True,False,3,4,1,2,0,0.15,False
0,46.28,1.873379,True,True,False,2,2,1,1,0,0.0,False
0,0.0,0.0,True,True,False,1,1,1,1,0,0.0,False
0,19.03,0.727798,True,True,False,2,2,1,1,0,0.0,False
0,39.46,-0.246579,True,True,False,3,4,1,2,0,0.15,False
0,68.435,-0.092423,True,True,False,2,3,1,1,0,0.0,False
0,99.385,-0.767973,True,True,False,2,3,1,1,0,0.0,False
0,60.38,-0.064757,True,True,False,2,2,1,1,0,0.0,False
0,89.63,0.343747,True,True,False,3,3,1,1,0,0.15,False
0,0.0,0.0,True,True,False,1,1,1,2,0,0.0,False
0,48.586667,-0.441822,True,True,False,2,4,1,1,0,0.0,False
0,58.425,-0.73573,False,True,False,2,3,1,1,0,0.0,False
0,0.0,0.0,True,True,False,1,1,1,1,0,0.0,False
0,0.0,0.0,True,True,False,1,1,1,1,0,0.0,False
0,13.705,-0.29077,False,True,False,2,3,1,1,0,0.0,False
0,0.0,0.0,True,True,False,1,1,1,2,0,0.0,False
0,19.875,0.967296,True,True,False,3,3,1,1,0,0.15,False
0,0.0,0.0,True,True,False,1,1,1,1,0,0.0,False
0,66.326667,-0.705398,False,True,False,2,4,1,1,0,0.0,False
0,101.615,-0.777395,True,True,False,3,3,1,1,0,0.15,False
0,83.61,-0.36132,True,True,False,2,2,1,2,0,0.0,False
0,33.25,-0.101053,True,True,False,2,2,1,1,0,0.0,False
0,11.71,0.894108,True,True,False,2,2,1,1,0,0.0,False
0,29.21,0.649435,True,True,False,3,3,1,1,0,0.15,False
0,111.4,-0.553591,True,True,False,2,2,1,3,0,0.0,False
0,51.96,-0.765396,False,True,False,1,2,1,1,0,0.0,False
0,11.62,3.501721,True,True,False,3,3,1,1,0,0.15,False
0,44.393333,4.519297,False,True,False,2,4,1,1,0,0.0,False
0,19.6,1.460204,True,True,False,2,2,1,2,0,0.0,False
1,33.91,-0.749042,False,True,False,2,3,1,1,0,0.0,False
0,20.48,0.863281,True,True,False,3,3,1,1,0,0.15,False
0,25.443333,-0.699332,False,True,False,2,4,1,1,0,0.0,False
0,20.57,19.28877,True,True,False,2,2,1,1,0,0.0,False
0,65.903333,2.005159,True,True,False,4,4,1,1,0,0.3,False
0,26.57,-0.268348,False,True,False,1,2,1,1,0,0.0,False
0,37.0275,-0.851732,False,True,False,3,5,1,1,0,0.15,False
0,218.955,-0.925099,True,True,False,3,3,1,1,0,0.15,False
0,0.0,0.0,True,True,False,1,1,1,1,0,0.0,False
0,12.376667,-0.346351,False,True,False,2,4,1,1,0,0.0,False
0,12.035,1.604071,True,True,False,3,3,1,2,0,0.15,False
0,64.48,-0.558002,True,True,False,2,2,1,1,0,0.0,False
0,0.0,0.0,True,True,False,1,1,1,2,0,0.0,False
0,16.58,1.399879,True,True,False,2,2,1,1,0,0.0,False
0,75.283333,-0.796901,False,True,False,3,4,1,1,0,0.15,False
0,32.075,-0.47841,False,True,False,1,3,1,1,0,0.0,False
0,0.0,0.0,True,True,False,1,1,1,1,0,0.0,False
0,0.0,0.0,True,True,False,1,1,1,1,0,0.0,False
0,41.476667,0.650084,True,True,False,4,4,1,1,0,0.3,False
0,73.943333,-0.539107,False,True,False,2,4,1,1,0,0.0,False
0,44.096667,2.338801,False,True,False,2,4,1,1,0,0.0,False
0,0.0,0.0,True,True,False,1,1,1,1,0,0.0,False
0,80.565,-0.00602,True,True,False,3,3,1,2,0,0.15,False
0,26.96,0.365727,False,True,False,1,4,1,1,0,0.0,False
0,0.0,0.0,True,True,False,1,1,1,2,0,0.0,False
0,33.97,2.894613,True,True,False,2,2,1,1,0,0.0,False
0,14.1,0.735461,True,True,False,2,2,1,1,0,0.0,False
0,26.373333,0.944767,False,True,False,3,4,1,2,0,0.15,False
0,15.57,0.71869,True,True,False,2,2,1,1,0,0.0,False
0,30.75,-0.131382,True,True,False,2,2,1,2,0,0.0,False
0,0.0,0.0,True,True,False,1,1,1,1,0,0.0,False
0,0.0,0.0,True,True,False,1,1,1,1,0,0.0,False
0,41.636667,-0.621487,True,True,False,3,4,1,1,0,0.15,False
0,28.185,0.890367,True,True,False,3,3,1,1,0,0.15,False
0,69.88,0.089153,False,True,False,2,5,1,1,0,0.0,False
0,0.0,0.0,True,True,False,1,1,1,2,0,0.0,False
0,0.0,0.0,True,True,False,1,1,1,2,0,0.0,False
0,36.55,-0.198085,False,True,False,3,4,1,1,0,0.15,False
0,39.79,-0.564966,False,True,False,1,2,1,1,0,0.0,False
0,21.605,2.055311,False,True,False,2,3,1,1,0,0.0,False
0,0.0,0.0,True,True,False,1,1,1,1,0,0.0,False
0,36.6,-0.80082,False,True,False,1,2,1,2,0,0.0,False
0,48.2175,-0.452481,False,True,False,4,5,1,1,0,0.3,False
0,83.135,-0.803332,False,True,False,2,3,1,1,0,0.0,False
0,0.0,0.0,True,True,False,1,1,1,1,0,0.0,False
0,27.71,-0.300974,True,True,False,2,3,1,1,0,0.0,False
0,20.995,0.519886,False,True,False,2,5,1,2,0,0.0,False
0,37.89,-0.328847,False,True,False,1,2,1,1,0,0.0,False
0,34.35,-0.271907,False,True,False,1,2,1,1,0,0.0,False
0,0.0,0.0,True,True,False,1,1,1,2,0,0.0,False
0,24.14,1.142088,True,True,False,2,2,1,1,0,0.0,False
0,94.55,-0.800529,False,True,False,2,5,1,1,0,0.0,False
0,38.0575,-0.44216,True,True,False,4,5,1,2,0,0.3,False
0,28.73,0.708319,True,True,False,3,3,1,1,0,0.15,False
0,9.81,3.997961,False,True,False,1,2,1,1,0,0.0,False
0,23.178,-0.118561,False,True,False,2,6,1,1,0,0.0,False
0,33.09,-0.170142,True,True,False,2,2,1,2,0,0.0,False
0,35.215,3.120403,True,True,False,3,3,1,1,0,0.15,False
0,25.183333,-0.177631,False,True,False,3,4,1,1,0,0.15,False
0,0.0,0.0,True,True,False,1,1,1,1,0,0.0,False
0,63.9775,0.251534,False,True,False,2,5,1,1,0,0.0,False
0,25.955,4.073011,True,True,False,3,3,1,3,0,0.15,False
0,14.73,0.359131,True,True,False,2,2,1,1,0,0.0,False
0,60.285,-0.519947,False,True,False,3,5,1,1,0,0.15,False
0,29.425,-0.214274,False,True,False,1,5,1,1,0,0.0,False
0,94.31,-0.135086,True,True,False,2,2,1,1,0,0.0,False
0,0.0,0.0,True,True,False,1,1,1,1,0,0.0,False
0,79.412,-0.251499,False,True,False,2,6,1,2,0,0.0,False
0,11.71,3.865927,True,True,False,2,2,1,1,0,0.0,False
0,51.9,-0.385934,True,True,False,2,2,1,1,0,0.0,False
0,54.016,0.732635,False,True,False,3,6,1,1,0,0.15,False
0,37.56,-0.039137,False,True,False,1,2,1,1,0,0.0,False
0,19.99,2.228614,False,True,False,1,2,1,1,0,0.0,False
0,99.9,-0.776877,False,True,False,3,4,1,1,0,0.15,False
0,27.69,-0.329722,True,True,False,2,2,1,2,0,0.0,False
0,19.285,2.082188,False,True,False,2,3,1,1,0,0.0,False
0,80.4975,-0.419361,False,True,False,3,5,1,1,0,0.15,False
0,55.81,-0.279161,True,True,False,2,2,1,1,0,0.0,False
0,52.2,-0.518199,True,True,False,2,2,1,1,0,0.0,False
0,13.0,7.796923,False,True,False,1,2,1,1,0,0.0,False
0,32.67,-0.585246,False,True,False,2,4,1,1,0,0.0,False
0,21.165,-0.387196,False,True,False,2,3,1,2,0,0.0,False
1,18.433333,2.817541,False,True,False,2,4,1,1,0,0.0,False
0,64.41,0.023133,False,True,False,1,2,1,1,0,0.0,False
0,0.0,0.0,True,True,False,1,1,1,1,0,0.0,False
0,87.94,-0.700932,False,True,False,2,3,1,2,0,0.0,False
0,0.0,0.0,True,True,False,1,1,1,1,0,0.0,False
0,28.65,3.579058,False,True,False,1,2,1,1,0,0.0,False
0,18.47,12.413644,False,True,False,3,4,1,3,0,0.15,False
0,34.692,-0.746339,False,True,False,4,6,1,2,0,0.3,False
0,0.0,0.0,True,True,False,1,1,1,4,0,0.08,False
0,24.22,-0.07019,False,True,False,1,2,1,1,0,0.0,False
0,65.155,0.86724,False,True,False,1,3,1,2,0,0.0,False
0,37.925,-0.880026,False,True,False,2,3,1,5,0,0.16,False
0,0.0,0.0,True,True,False,1,1,1,1,0,0.0,False
0,22.72,0.18706,False,True,False,2,7,1,1,0,0.0,False
0,73.746,0.665039,True,True,False,4,6,1,1,0,0.3,False
0,32.49,2.386888,True,True,False,2,2,1,2,0,0.0,False
0,74.343333,-0.403309,True,True,False,3,4,1,1,0,0.15,False
0,60.873333,-0.846238,False,True,False,2,4,1,1,0,0.0,False
0,51.985,-0.597576,True,True,False,3,3,1,1,0,0.15,False
0,31.57,-0.276528,False,True,False,2,3,1,1,0,0.0,False
0,31.4175,-0.635235,False,True,False,2,5,1,1,0,0.0,False
0,41.885,0.991166,False,True,False,2,3,1,2,0,0.0,False
0,66.8475,-0.84517,False,True,False,3,5,1,2,0,0.15,False
0,32.6025,3.893183,False,True,False,3,5,1,1,0,0.15,False
0,35.513333,3.483387,False,True,False,3,4,1,1,0,0.15,False
0,30.72,-0.207682,False,True,False,3,6,1,1,0,0.15,False
0,23.125,0.862486,True,True,False,3,3,1,1,0,0.15,False
0,43.95,-0.288965,False,True,False,1,2,1,1,0,0.0,False
0,43.854,0.553564,False,True,False,4,6,1,2,0,0.3,False
0,29.68,2.093329,True,True,False,2,3,1,1,0,0.0,False
0,105.865,-0.615454,True,True,False,3,3,1,1,0,0.15,False
0,42.265,0.140424,True,True,False,2,3,1,1,0,0.0,False
0,0.0,0.0,True,True,False,1,1,1,1,0,0.0,False
0,76.083333,-0.382782,False,True,False,2,7,1,1,0,0.0,False
0,47.9,-0.212526,False,True,False,4,7,1,1,0,0.3,False
0,35.533333,-0.550563,False,True,False,3,4,1,2,0,0.15,False
0,33.8775,-0.033282,True,True,False,3,5,1,1,0,0.15,False
0,151.436667,-0.839075,True,True,False,4,4,1,1,0,0.3,False
0,48.02,-0.576426,False,True,False,2,3,1,1,0,0.0,False
0,0.0,0.0,True,True,False,1,1,1,1,0,0.0,False
0,27.96,0.244993,False,True,False,2,3,1,2,0,0.0,False
0,13.23,0.340892,False,True,False,1,2,1,1,0,0.0,False
0,34.74,-0.345999,False,True,False,3,5,1,2,0,0.15,False
0,19.87,2.938601,True,True,False,2,2,1,1,0,0.0,False
0,49.95,0.099299,False,True,False,1,2,1,3,0,0.0,False
0,71.922857,-0.789636,False,True,False,2,8,1,2,0,0.0,False
0,0.0,0.0,True,True,False,1,1,1,1,0,0.0,False
0,21.03,0.751308,False,True,False,1,2,1,1,0,0.0,False
0,18.28,6.067834,False,True,False,1,2,1,1,0,0.0,False
0,36.956667,1.709389,True,True,False,4,4,1,1,0,0.3,False
0,27.43,-0.646008,True,True,False,2,2,1,1,0,0.0,False
0,36.825,0.790903,False,True,False,1,3,1,1,0,0.0,False
0,16.945,4.377397,False,True,False,2,3,1,1,0,0.0,False
0,41.63,0.244535,False,True,False,3,4,1,1,0,0.15,False
0,49.5,-0.488485,False,True,False,1,2,1,2,0,0.0,False
0,20.2,10.302475,True,True,False,2,2,1,1,0,0.0,False
0,30.6425,0.819695,False,True,False,3,5,1,1,0,0.15,False
0,34.345,3.686854,False,True,False,2,3,1,1,0,0.0,False
0,23.327143,3.185253,False,True,False,2,8,1,2,0,0.0,False
0,0.0,0.0,True,True,False,1,1,1,1,0,0.0,False
0,30.7,-0.321498,False,True,False,1,2,1,1,0,0.0,False
0,37.41,-0.131783,False,True,False,1,3,1,1,0,0.0,False
1,35.766667,-0.224697,False,True,False,1,4,1,2,0,0.0,False
0,47.995,-0.738931,False,True,False,2,5,1,2,0,0.0,False
0,63.84,-0.12735,False,True,False,1,2,1,2,0,0.0,False
0,47.85,1.424869,False,True,False,1,2,1,1,0,0.0,False
0,32.615,-0.200368,False,True,False,2,9,1,1,0,0.0,False
0,25.435,6.350894,False,True,False,3,5,1,2,0,0.15,False
0,80.403333,-0.881473,False,True,False,3,4,1,1,0,0.15,False
0,60.611667,0.270053,False,True,False,3,7,1,1,0,0.15,False
0,31.888889,2.954983,False,True,False,2,10,1,1,0,0.0,False
0,0.0,0.0,True,True,False,1,1,1,1,0,0.0,False
0,29.773333,-0.041424,True,True,False,4,4,1,2,0,0.3,False
0,84.146667,-0.093725,False,True,False,3,4,1,1,0,0.15,False
0,41.312,0.201588,False,True,False,2,11,1,3,0,0.0,False
0,33.652,-0.800903,True,True,False,4,6,1,1,0,0.3,False
0,29.656667,-0.431157,False,True,False,3,7,1,1,0,0.15,False
0,0.0,0.0,True,True,False,1,1,1,3,0,0.0,False
0,30.376667,-0.635576,False,True,False,4,7,1,2,0,0.3,False
0,82.175,-0.724247,False,True,False,3,5,1,1,0,0.15,False
0,44.243333,-0.74482,False,True,False,2,4,1,2,0,0.0,False
0,42.069091,-0.414535,False,False,False,2,11,1,2,0,0.0,False
0,71.265,-0.644987,False,True,False,2,3,1,2,0,0.0,False
0,28.13,0.5599,False,True,False,1,2,1,1,0,0.0,False
0,119.67,-0.742876,False,True,False,4,5,1,2,0,0.3,False
0,40.902,0.210454,False,True,False,2,6,1,1,0,0.0,False
0,61.193333,-0.264462,False,True,False,3,4,1,1,0,0.15,False
0,20.16,2.748512,False,True,False,1,2,1,2,0,0.0,False
0,41.67,0.598752,True,True,False,3,4,1,1,0,0.15,False
0,18.57,2.296715,False,True,False,2,3,1,1,0,0.0,False
0,15.485,24.636422,False,True,False,1,3,1,2,0,0.0,False
0,81.92,-0.466187,False,True,False,4,7,1,1,0,0.3,False
0,30.243333,7.719608,False,True,False,2,4,1,2,0,0.0,False
0,40.615833,0.133794,False,True,False,2,12,1,2,0,0.0,False
0,29.39,0.05444,False,True,False,1,2,1,1,0,0.0,False
0,88.61,-0.722718,False,True,False,2,5,1,1,0,0.0,False
0,23.69,3.677501,False,True,False,1,2,1,2,0,0.0,False
0,46.49,1.646376,False,True,False,2,3,1,1,0,0.0,False
0,71.126,-0.247673,False,True,False,2,6,1,1,0,0.0,False
0,27.83,1.94682,False,True,False,3,8,1,1,0,0.15,False
0,45.26,-0.736633,True,True,False,2,2,1,1,0,0.0,False
0,63.68,-0.849403,False,True,False,1,3,1,1,0,0.0,False
0,47.9075,0.873402,False,True,False,3,5,1,1,0,0.15,False
0,68.19,-0.561226,False,True,False,2,7,1,1,0,0.0,False
1,62.722857,-0.038469,False,True,False,2,8,1,1,0,0.0,False
0,62.685,-0.702321,False,True,False,3,5,1,1,0,0.15,False
0,28.55,3.366375,False,True,False,1,3,1,1,0,0.0,False
0,29.42,-0.671652,False,True,False,1,3,1,1,0,0.0,False
0,142.65,-0.923379,False,True,False,1,4,1,1,0,0.0,False
0,36.005,1.920705,False,True,False,1,3,1,1,0,0.0,False
0,29.465,-0.860852,False,True,False,4,5,1,2,0,0.3,False
0,0.0,0.0,True,True,False,1,1,1,1,0,0.0,False
0,62.42125,-0.513147,False,True,False,2,9,1,1,0,0.0,False
0,67.196,-0.726472,False,True,False,2,6,1,2,0,0.0,False
0,42.336667,-0.333438,False,True,False,2,7,1,2,0,0.0,False
0,46.445714,-0.638072,False,True,False,4,8,1,1,0,0.3,False
0,32.786667,2.468788,False,True,False,2,4,1,1,0,0.0,False
0,32.76,3.281746,True,True,False,2,2,1,1,0,0.0,False
0,53.0225,-0.63921,False,True,False,2,5,1,1,0,0.0,False
0,19.31,1.137752,True,True,False,3,3,1,2,0,0.15,False
0,98.94,-0.884071,False,True,False,4,5,1,2,0,0.3,False
0,57.742,0.353261,False,True,False,3,6,1,1,0,0.15,False
0,28.59,1.67646,False,True,False,2,3,1,2,0,0.0,False
0,7.26,2.601928,True,True,False,2,2,1,1,0,0.0,False
0,43.22,-0.223276,False,True,False,2,5,1,2,0,0.0,False
0,57.1475,-0.462444,False,True,False,3,5,1,1,0,0.15,False
0,7.49,0.210948,True,True,False,2,2,1,2,0,0.0,False
0,0.0,0.0,True,True,False,1,1,1,2,0,0.0,False
0,86.515,-0.792753,False,True,False,2,3,1,1,0,0.0,False
0,44.175,-0.591851,False,True,False,3,5,1,2,0,0.15,False
0,38.675,-0.240853,False,True,False,2,3,1,3,0,0.0,False
0,202.97,-0.638173,True,True,False,2,2,1,1,0,0.0,False
0,59.056667,-0.650674,False,True,False,1,4,1,1,0,0.0,False
0,75.79,-0.908299,False,True,False,3,5,1,2,0,0.15,False
0,56.276,-0.710534,False,True,False,3,6,1,1,0,0.15,False
0,63.653333,-0.269638,True,True,False,3,4,1,3,0,0.15,False
0,24.065,6.933098,False,True,False,3,5,1,2,0,0.15,False
0,36.406667,-0.667918,False,True,False,2,4,1,1,0,0.0,False
0,34.6025,-0.660718,False,True,False,3,9,1,1,0,0.15,False
0,0.0,0.0,True,True,False,1,1,1,1,0,0.0,False
0,49.611667,-0.8198,False,True,False,3,7,1,3,0,0.15,False
0,73.74,0.178194,False,False,False,1,2,1,1,0,0.0,False
0,44.83,1.442115,False,True,False,1,2,1,1,0,0.0,False
0,42.74125,-0.106718,False,True,False,4,9,1,1,0,0.3,False
0,19.51,0.167606,True,True,False,2,2,1,1,0,0.0,False
0,77.155,0.798717,False,True,False,1,3,1,2,0,0.0,False
0,9.87,2.85613,False,True,False,1,2,1,3,0,0.0,False
0,109.72,-0.278436,False,True,False,1,5,1,1,0,0.0,False
0,46.533333,-0.529155,False,True,False,1,4,1,3,0,0.0,False
0,75.802,-0.547373,False,True,False,2,6,1,1,0,0.0,False
0,83.99,-0.853435,False,True,False,1,4,1,1,0,0.0,False
0,30.275,0.809414,True,True,False,3,3,1,4,0,0.23,False
0,72.003333,-0.464191,True,True,False,3,4,1,1,0,0.15,False
0,152.73,-0.893996,False,True,False,1,2,1,1,0,0.0,False
0,24.392,-0.329288,False,True,False,4,6,1,1,0,0.3,False
0,35.57,2.391341,False,True,False,2,4,1,1,0,0.0,False
0,53.88,1.976058,False,True,False,3,6,1,3,0,0.15,False
0,48.01,-0.418454,False,True,False,1,2,1,1,0,0.0,False
0,62.95,-0.444639,False,True,False,3,8,1,2,0,0.15,False
0,35.1675,0.296936,False,True,False,3,5,1,1,0,0.15,False
0,52.43,-0.288957,False,True,False,1,3,1,1,0,0.0,False
0,14.75,-0.411525,True,True,False,2,2,1,1,0,0.0,False
0,49.065,-0.049628,False,True,False,2,3,1,2,0,0.0,False
0,35.666,-0.825324,False,True,False,3,6,1,2,0,0.15,False
0,55.548,-0.668215,False,True,False,3,6,1,1,0,0.15,False
0,79.92,-0.379129,False,True,False,1,3,1,1,0,0.0,False
0,138.205,-0.612749,False,True,False,2,3,1,3,0,0.0,False
0,42.234444,-0.589908,False,True,False,4,10,1,2,0,0.3,False
0,28.164,-0.18513,False,True,False,1,6,1,2,0,0.0,False
0,58.862222,-0.6502,False,True,False,2,10,1,1,0,0.0,False
0,23.053333,0.323019,False,True,False,4,7,1,1,0,0.3,False
0,26.8,0.209328,False,True,False,2,4,1,1,0,0.0,False
0,67.25,-0.159405,False,True,False,1,3,1,2,0,0.0,False
0,8.28,1.644928,False,True,False,2,3,1,2,0,0.0,False
0,55.943333,-0.20205,False,True,False,2,4,1,1,0,0.0,False
0,46.244,0.074302,False,True,False,2,6,1,2,0,0.0,False
0,36.005,0.077906,True,True,False,3,5,1,2,0,0.15,False
0,49.361667,-0.45484,False,True,False,3,7,1,1,0,0.15,False
0,97.696667,-0.60838,True,True,False,2,4,1,1,0,0.0,False
0,28.2025,1.142363,True,True,False,3,5,1,3,0,0.15,False
0,57.434,0.128252,False,True,False,3,6,1,1,0,0.15,False
0,32.062222,3.413294,False,True,False,3,10,1,1,0,0.15,False
0,23.965,-0.374087,False,True,False,1,3,1,1,0,0.0,False
0,51.862,-0.550924,False,True,False,3,6,1,1,0,0.15,False
0,60.586667,-0.849637,False,True,False,1,4,1,2,0,0.0,False
0,66.07,0.055547,False,True,False,1,5,1,1,0,0.0,False
0,47.1,-0.461996,False,True,False,3,7,1,2,0,0.15,False
0,61.141667,-0.361319,True,True,False,4,7,1,1,0,0.3,False
0,27.618571,-0.260642,False,True,False,4,8,1,1,0,0.3,False
0,78.12,-0.673579,False,True,False,1,3,1,1,0,0.0,False
0,41.29,1.133931,False,True,False,2,6,1,2,0,0.0,False
0,59.775,-0.034546,False,True,False,1,3,1,2,0,0.0,False
0,46.154286,-0.343723,False,True,False,3,8,1,1,0,0.15,False
0,59.45125,0.029583,False,True,False,3,9,1,1,0,0.15,False
0,44.17125,0.41042,False,True,False,3,9,1,2,0,0.15,False
0,0.0,0.0,True,True,False,1,1,1,1,0,0.0,False
0,30.3275,-0.663012,True,True,False,3,5,1,2,0,0.15,False
0,21.945,-0.264981,False,True,False,1,3,1,3,0,0.0,False
0,84.46,-0.865854,False,True,False,1,3,1,3,0,0.0,False
0,124.255,-0.323488,False,True,False,2,3,1,2,0,0.0,False
0,47.7175,1.024205,False,True,False,1,5,1,4,0,0.08,False
0,27.426,3.295559,False,True,False,2,6,1,2,0,0.0,False
0,58.661667,-0.887831,True,True,False,4,7,1,2,0,0.3,False
0,112.02,-0.303428,False,True,False,3,4,1,2,0,0.15,False
0,67.393333,1.884113,False,True,False,2,4,1,1,0,0.0,False
0,31.66,1.546115,False,True,False,1,3,1,2,0,0.0,False
0,66.804,-0.911383,False,True,False,1,6,1,1,0,0.0,False
0,26.633333,4.116521,False,True,False,3,4,1,3,0,0.15,False
0,56.656667,-0.395658,False,True,False,1,7,1,1,0,0.0,False
0,50.39,-0.454257,False,True,False,2,4,1,1,0,0.0,False
0,11.305,3.202565,False,True,False,2,5,1,2,0,0.0,False
0,34.646,-0.586965,False,False,False,3,5,1,5,0,0.31,False
0,20.976667,0.582234,False,True,False,1,4,1,1,0,0.0,False
0,27.89,3.340982,False,True,False,2,5,1,2,0,0.0,False
0,69.82,-0.219708,False,True,False,1,4,1,2,0,0.0,False
0,21.145,0.64105,False,True,False,2,3,1,1,0,0.0,False
0,16.705,1.129901,False,True,False,2,3,1,2,0,0.0,False
0,53.454286,-0.759234,False,True,False,1,8,1,2,0,0.0,False
0,31.256667,-0.06036,False,True,False,3,6,1,1,0,0.15,False
0,26.283333,-0.6591,False,True,False,3,4,1,2,0,0.15,False
0,43.801429,0.712958,False,True,False,3,8,1,3,0,0.15,False
0,38.946,-0.852103,False,True,False,3,6,1,3,0,0.15,False
0,54.63,0.201172,False,True,False,2,5,1,1,0,0.0,False
0,81.94,-0.115206,True,True,False,2,3,1,2,0,0.0,False
0,49.093333,0.93733,False,True,False,2,7,1,3,0,0.0,False
0,101.89,-0.651585,True,True,False,5,6,1,2,0,0.45,False
0,57.492,0.199123,False,True,False,1,6,1,3,0,0.0,False
0,46.526,-0.373684,False,True,False,2,6,1,1,0,0.0,False
0,70.272,-0.817566,False,True,False,3,6,1,1,0,0.15,False
1,60.696667,0.856445,False,True,False,3,7,1,2,0,0.15,False
0,114.07,-0.731305,True,True,False,2,2,1,2,0,0.0,False
0,18.546,-0.421978,False,True,False,2,6,1,2,0,0.0,False
0,78.793333,-0.710635,False,True,False,2,4,1,3,0,0.0,False
0,49.45,-0.524166,False,True,False,1,5,1,1,0,0.0,False
0,33.7575,0.41924,True,True,False,2,5,1,1,0,0.0,False
0,23.005,8.411432,False,True,False,1,3,1,3,0,0.0,False
0,44.266,0.136312,False,True,False,1,6,1,3,0,0.0,False
0,12.82,2.047582,False,True,False,2,4,1,2,0,0.0,False
0,103.5225,1.281533,False,True,False,3,5,1,1,0,0.15,False
0,30.987143,1.338712,False,True,False,3,7,1,1,0,0.15,False
0,82.8375,-0.510005,False,True,False,2,5,1,2,0,0.0,False
0,32.336,-0.302016,False,True,False,3,6,1,3,0,0.15,False
0,42.49,0.003766,False,True,False,2,7,1,3,0,0.0,False
0,87.506667,-0.64117,False,True,False,1,4,1,2,0,0.0,False
0,68.505,-0.479892,True,True,False,3,3,1,1,0,0.15,False
0,22.996667,3.121467,False,True,False,2,4,1,2,0,0.0,False
0,40.32,-0.467014,False,True,False,2,8,1,3,0,0.0,False
0,71.625,-0.302757,False,True,False,3,7,1,3,0,0.15,False
0,64.795,0.091905,False,True,False,2,5,1,1,0,0.0,False
0,26.306,-0.258724,False,True,False,3,6,1,2,0,0.15,False
0,78.783333,-0.782314,True,True,False,4,4,1,4,0,0.38,False
0,25.765,0.13953,False,True,False,1,3,1,3,0,0.0,False
0,46.185556,-0.504391,True,True,False,4,10,1,2,0,0.3,False
0,53.1175,0.56728,False,True,False,2,5,1,1,0,0.0,False
0,43.991429,-0.662207,True,True,False,4,8,1,2,0,0.3,False
0,25.171667,0.389658,False,True,False,3,7,1,2,0,0.15,False
0,63.375,3.005838,False,True,False,4,5,1,4,0,0.38,False
0,59.06,-0.219776,False,True,False,2,7,1,4,0,0.08,False
0,80.31,-0.34454,False,True,False,1,2,1,1,0,0.0,False
0,43.856,0.911027,False,True,False,4,11,1,2,0,0.3,False
0,27.295,-0.162118,False,True,False,1,7,1,2,0,0.0,False
0,45.271667,-0.692081,False,True,False,1,7,1,2,0,0.0,False
0,38.793333,-0.016841,False,True,False,2,4,1,3,0,0.0,False
0,71.843333,-0.43001,False,True,False,3,4,1,1,0,0.15,False
0,46.816667,-0.806266,False,True,False,2,7,1,1,0,0.0,False
0,22.833333,0.957664,False,True,False,1,4,1,2,0,0.0,False
0,48.38125,0.610955,True,True,False,2,9,1,1,0,0.0,False
0,25.663333,-0.378491,False,True,False,2,4,1,2,0,0.0,False
0,20.006667,1.345218,False,True,False,1,4,1,2,0,0.0,False
0,24.21,1.792648,False,True,False,1,2,1,2,0,0.0,False
0,66.475,-0.20346,False,True,False,1,3,1,2,0,0.0,False
0,59.4,-0.038721,False,True,False,1,7,1,4,0,0.08,False
0,30.19,-0.098046,True,True,False,2,3,1,3,0,0.0,False
0,23.235,-0.421562,False,True,False,2,5,1,1,0,0.0,False
0,101.474,-0.771764,False,True,False,4,6,1,2,0,0.3,False
0,40.35,-0.486493,False,True,False,4,9,1,3,0,0.3,False
0,41.424286,-0.250198,False,True,False,2,8,1,2,0,0.0,False
0,57.988,0.369421,False,True,False,3,6,1,1,0,0.15,False
0,33.415,-0.65315,False,True,False,3,7,1,2,0,0.15,False
0,47.38,-0.215492,False,True,False,1,4,1,1,0,0.0,False
0,110.856667,-0.872448,False,True,False,2,4,1,2,0,0.0,False
0,68.122857,-0.731074,False,True,False,3,8,1,1,0,0.15,False
0,55.035,-0.059144,False,True,False,2,11,1,4,0,0.08,False
0,39.743,-0.678434,True,True,False,5,11,1,3,0,0.45,False
0,40.9425,0.455212,False,True,False,2,5,1,2,0,0.0,False
0,51.665556,-0.78264,False,True,False,2,10,1,2,0,0.0,False
0,36.566,0.544057,False,True,False,3,6,1,2,0,0.15,False
0,43.88,-0.781449,False,True,False,1,2,1,6,0,0.24,False
0,36.1725,-0.441565,False,True,False,3,8,1,5,0,0.31,False
0,63.6475,1.372285,False,True,False,3,5,1,3,0,0.15,False
0,26.572857,3.888823,False,True,False,3,8,1,1,0,0.15,False
0,30.76,-0.225943,False,True,False,3,7,1,1,0,0.15,False
0,17.375,1.603741,False,True,False,2,3,1,2,0,0.0,False
0,47.488182,0.827191,False,True,False,4,12,1,2,0,0.3,False
0,37.256,0.532907,False,True,False,3,6,1,1,0,0.15,False
0,45.91,-0.420388,False,True,False,1,3,1,3,0,0.0,False
0,38.168889,-0.523434,False,True,False,4,10,1,3,0,0.3,False
0,52.75,0.257251,False,True,False,4,5,1,2,0,0.3,False
0,26.662857,2.068688,True,True,False,2,8,1,2,0,0.0,False
0,65.985,0.980147,False,True,False,1,5,1,3,0,0.0,False
0,37.965,-0.773739,False,True,False,1,3,1,2,0,0.0,False
0,64.965,-0.812976,False,True,False,1,4,1,1,0,0.0,False
0,76.553333,0.095837,True,True,False,3,4,1,1,0,0.15,False
0,24.03,-0.601748,False,True,False,1,5,1,2,0,0.0,False
0,55.723333,0.600766,False,True,False,2,4,1,1,0,0.0,False
0,43.628333,-0.360966,False,True,False,2,7,1,1,0,0.0,False
0,109.976667,-0.801503,False,True,False,2,4,1,1,0,0.0,False
0,44.6675,-0.12621,False,True,False,2,5,1,2,0,0.0,False
0,21.9525,-0.485708,False,True,False,3,5,1,1,0,0.15,False
0,28.3,1.262191,False,True,False,1,5,1,3,0,0.0,False
0,64.82375,0.973968,False,True,False,2,9,1,3,0,0.0,False
0,68.527143,-0.030311,False,True,False,3,8,1,1,0,0.15,False
0,72.36,-0.62424,False,True,False,2,3,1,3,0,0.0,False
0,86.6775,-0.888322,False,True,False,2,5,1,2,0,0.0,False
0,40.12875,-0.751301,False,True,False,2,9,1,3,0,0.0,False
0,35.444,-0.677519,True,True,False,2,6,1,2,0,0.0,False
0,38.63,-0.151178,False,True,False,2,5,1,2,0,0.0,False
0,30.297143,0.196813,False,True,False,3,8,1,3,0,0.15,False
0,90.825,-0.269584,False,True,False,5,7,1,2,0,0.45,False
0,39.476667,-0.800642,False,True,False,1,4,1,3,0,0.0,False
0,29.203333,2.236959,True,True,False,3,4,1,1,0,0.15,False
0,37.462,0.540761,False,True,False,2,6,1,3,0,0.0,False
0,41.033846,-0.378562,False,True,False,2,13,1,1,0,0.0,False
0,56.828,-0.775111,False,True,False,2,6,1,2,0,0.0,False
0,45.535,0.975623,False,True,False,3,5,1,1,0,0.15,False
1,54.42,-0.521316,False,True,False,3,6,1,4,0,0.23,False
0,31.0425,0.049851,False,True,False,3,9,1,3,0,0.15,False
0,57.546667,-0.217852,False,True,False,3,4,1,1,0,0.15,False
0,68.886667,-0.76846,False,True,False,2,7,1,1,0,0.0,False
0,29.767143,-0.112444,False,True,False,3,8,1,4,0,0.23,False
0,59.3625,0.114677,False,True,False,3,5,1,2,0,0.15,False
0,71.838889,-0.150599,False,True,False,2,10,1,2,0,0.0,False
0,59.071429,0.040605,False,True,False,1,8,1,1,0,0.0,False
0,33.5575,-0.608433,False,True,False,2,9,1,1,0,0.0,False
0,40.795714,-0.328116,False,True,False,1,8,1,1,0,0.0,False
0,41.378571,-0.41709,True,True,False,3,8,1,2,0,0.15,False
0,57.205714,-0.18662,False,True,False,2,8,1,2,0,0.0,False
0,31.288889,0.384517,False,True,False,2,10,1,2,0,0.0,False
0,37.6,-0.00266,False,True,False,1,3,1,2,0,0.0,False
0,54.0425,3.405422,False,True,False,3,5,1,2,0,0.15,False
0,26.963333,-0.026827,False,True,False,1,4,1,2,0,0.0,False
0,103.61,-0.769327,False,True,False,1,6,1,2,0,0.0,False
0,48.253333,-0.727894,False,True,False,2,4,1,2,0,0.0,False
0,61.558333,-0.842751,True,True,False,4,7,1,2,0,0.3,False
0,50.761667,-0.754145,False,True,False,4,13,1,3,0,0.3,False
0,81.446,-0.771137,False,True,False,4,6,1,1,0,0.3,False
0,38.443333,1.456863,False,True,False,3,4,1,3,0,0.15,False
0,61.324286,-0.442798,False,True,False,2,8,1,2,0,0.0,False
0,87.94,-0.560496,False,True,False,2,5,1,3,0,0.0,False
0,55.464,-0.447209,False,True,False,4,6,1,3,0,0.3,False
0,65.986,-0.327736,True,True,False,3,6,1,3,0,0.15,False
0,74.388,0.366618,False,True,False,2,6,1,2,0,0.0,False
0,44.67,-0.849563,False,False,False,2,5,1,2,0,0.0,False
0,40.838333,1.149206,False,True,False,2,7,1,1,0,0.0,False
0,78.933333,-0.943877,False,False,False,2,6,1,1,0,0.0,False
0,68.2675,-0.503863,False,True,False,3,9,1,1,0,0.15,False
0,49.691667,2.848533,False,True,False,3,7,1,1,0,0.15,False
0,70.978333,-0.195811,False,True,False,4,7,1,1,0,0.3,False
0,37.291818,0.196777,False,True,False,5,12,1,1,0,0.45,False
1,37.903333,3.334183,False,True,False,5,13,1,2,0,0.45,False
0,39.924286,-0.527355,False,True,False,2,14,1,1,0,0.0,False
0,44.8275,0.04534,False,True,False,1,5,1,1,0,0.0,False
0,39.881667,0.318651,False,True,False,3,7,1,3,0,0.15,False
0,63.676667,-0.657645,False,True,False,1,4,1,2,0,0.0,False
0,24.117143,-0.029736,True,True,False,5,8,1,2,0,0.45,False
0,69.912857,-0.693476,False,True,False,3,8,1,4,0,0.23,False
0,24.0275,0.47789,False,True,False,5,9,1,2,0,0.45,False
0,23.37,1.194266,False,True,False,1,3,1,3,0,0.0,False
0,90.325,-0.59535,False,True,False,1,7,1,3,0,0.0,False
0,34.397778,0.698075,False,True,False,3,9,1,1,0,0.15,False
0,59.646667,-0.885157,False,True,False,3,10,1,2,0,0.15,False
0,25.303333,0.099065,False,True,False,5,10,1,1,0,0.45,False
0,78.082,-0.813017,True,True,False,3,6,1,1,0,0.15,False
0,130.056,-0.675832,True,True,False,4,6,1,4,0,0.38,False
0,73.48,-0.433043,False,True,False,1,5,1,2,0,0.0,False
0,47.542857,-0.364994,False,True,False,2,8,1,2,0,0.0,False
0,19.3825,1.569844,False,True,False,2,5,1,3,0,0.0,False
0,49.486667,0.486663,False,True,False,2,7,1,1,0,0.0,False
0,39.49,-0.201064,False,True,False,3,9,1,1,0,0.15,False
0,21.276,-0.328821,False,True,False,2,6,1,1,0,0.0,False
0,19.82,-0.528254,False,True,False,3,6,1,1,0,0.15,False
0,26.663333,0.278535,False,True,False,2,4,1,3,0,0.0,False
0,67.501667,-0.404755,True,True,False,4,7,1,2,0,0.3,False
0,87.327143,-0.825369,False,True,False,5,8,1,2,0,0.45,False
0,31.214444,0.895917,False,True,False,3,10,1,2,0,0.15,False
0,28.173333,-0.185755,False,True,False,1,4,1,2,0,0.0,False
0,28.93,-0.695817,False,True,False,1,3,1,2,0,0.0,False
0,66.44,0.36183,False,True,False,3,5,1,4,0,0.23,False
0,64.445556,0.283254,False,True,False,3,10,1,1,0,0.15,False
0,25.468,-0.740851,True,True,False,3,6,1,1,0,0.15,False
0,54.147143,-0.610136,False,True,False,4,8,1,5,0,0.46,False
0,39.4725,-0.481411,False,True,False,2,5,1,1,0,0.0,False
0,38.520667,2.191274,False,True,False,2,15,1,3,0,0.0,False
0,22.323333,0.370315,False,True,False,3,7,1,2,0,0.15,False
0,18.075,-0.446196,False,True,False,3,7,1,1,0,0.15,False
0,63.598571,0.054583,True,True,False,5,8,1,3,0,0.45,False
0,47.624615,-0.74026,False,True,False,5,14,1,1,0,0.45,False
1,45.106429,-0.403854,False,True,False,5,15,1,2,0,0.45,False
0,36.799,-0.513845,False,True,False,3,10,1,2,0,0.15,False
0,64.12,-0.67015,False,True,False,3,5,1,1,0,0.15,False
0,81.116,-0.135929,False,True,False,3,6,1,5,0,0.31,False
0,47.976667,1.331133,False,True,False,1,4,1,2,0,0.0,False
0,47.622,-0.749066,False,True,False,2,11,1,2,0,0.0,False
0,35.672,0.532014,False,True,False,2,6,1,1,0,0.0,False
0,45.234,-0.592563,False,True,False,1,6,1,3,0,0.0,False
0,49.96,-0.621898,True,True,False,2,2,1,2,0,0.0,False
0,23.504286,1.086003,False,True,False,3,8,1,1,0,0.15,False
0,63.9425,-0.772452,False,True,False,1,5,1,2,0,0.0,False
0,32.673333,0.476739,False,True,False,1,4,1,2,0,0.0,False
0,57.93,0.025203,False,True,False,2,9,1,2,0,0.0,False
0,61.966667,-0.621893,False,True,False,1,4,1,1,0,0.0,False
0,34.425,1.781118,False,True,False,2,3,1,2,0,0.0,False
0,68.29,-0.824865,True,True,False,3,7,1,1,0,0.15,False
0,63.8525,0.521632,True,True,False,4,9,1,3,0,0.3,False
0,82.642857,-0.915419,False,True,False,1,8,1,1,0,0.0,False
0,25.554,10.234249,True,True,False,6,11,1,1,0,0.6,False
0,26.695,-0.103577,False,True,False,3,9,1,4,0,0.23,False
0,30.708333,-0.574383,False,True,False,3,7,1,4,0,0.23,False
0,64.0325,-0.570687,False,True,False,5,9,1,5,0,0.61,False
0,36.171,-0.60355,False,True,False,4,11,1,1,0,0.3,False
0,51.221429,-0.118923,False,True,False,4,8,1,1,0,0.3,False
0,54.739091,0.806753,False,True,False,2,12,1,2,0,0.0,False
0,66.271,-0.77426,False,True,False,3,11,1,2,0,0.15,False
0,36.778889,0.431256,False,True,False,2,10,1,3,0,0.0,False
0,28.66,-0.660851,False,True,False,2,4,1,1,0,0.0,False
0,59.086667,0.280661,True,True,False,2,4,1,1,0,0.0,False
0,34.186364,0.351416,False,True,False,4,12,1,1,0,0.3,False
0,53.2075,0.472161,False,True,False,1,5,1,6,0,0.24,False
0,40.565,-0.259707,False,True,False,3,7,1,4,0,0.23,False
0,42.512857,-0.450049,False,True,False,2,8,1,2,0,0.0,False
0,44.379091,0.433558,False,True,False,2,12,1,2,0,0.0,False
1,45.9825,-0.747078,False,True,False,2,13,1,2,0,0.0,False
0,115.406667,-0.92886,False,True,False,4,7,1,1,0,0.3,False
0,78.3175,-0.578894,False,True,False,5,9,1,2,0,0.45,False
0,26.735,-0.092949,False,True,False,1,3,1,1,0,0.0,False
0,58.232,-0.114233,False,True,False,1,6,1,1,0,0.0,False
0,20.11,2.943312,False,True,False,2,7,1,2,0,0.0,False
0,64.0925,-0.208644,False,True,False,2,5,1,1,0,0.0,False
0,43.34,0.716659,False,True,False,2,14,1,1,0,0.0,False
0,52.445,-0.183716,False,True,False,3,5,1,1,0,0.15,False
0,24.93,0.973125,False,True,False,2,4,1,1,0,0.0,False
0,25.906667,0.164179,True,True,False,2,4,1,1,0,0.0,False
0,37.96625,0.265334,True,True,False,3,9,1,2,0,0.15,False
0,22.22,0.70297,False,True,False,1,4,1,3,0,0.0,False
0,51.33,-0.163257,False,True,False,4,7,1,1,0,0.3,False
0,57.123333,-0.492677,False,True,False,1,7,1,3,0,0.0,False
0,52.3325,0.208618,False,True,False,1,5,1,3,0,0.0,False
0,88.421667,-0.787835,False,True,False,4,7,1,3,0,0.3,False
0,58.419167,-0.44145,False,True,False,2,13,1,2,0,0.0,False
0,40.12125,1.357354,True,True,False,3,9,1,3,0,0.15,False
0,31.441667,-0.507024,False,True,False,2,7,1,2,0,0.0,False
0,45.65,-0.871413,True,True,False,2,4,1,3,0,0.0,False
0,43.892,0.011574,False,True,False,5,16,1,2,0,0.45,False
0,39.22125,-0.312618,False,True,False,3,9,1,3,0,0.15,False
0,38.607778,0.925519,False,True,False,3,10,1,2,0,0.15,False
0,28.52,0.045933,False,True,False,2,5,1,1,0,0.0,False
0,30.995,-0.341184,False,True,False,2,5,1,1,0,0.0,False
0,43.92375,-0.290361,False,True,False,5,17,1,3,0,0.45,False
0,36.5675,1.171327,False,True,False,1,5,1,3,0,0.0,False
0,78.92,-0.33515,False,True,False,1,6,1,1,0,0.0,False
0,90.85,-0.947936,False,True,False,3,6,1,4,0,0.23,False
0,67.553333,-0.431264,False,True,False,4,10,1,2,0,0.3,False
0,57.985714,-0.310347,True,True,False,5,8,1,3,0,0.45,False
0,26.125,0.249378,False,True,False,1,5,1,3,0,0.0,False
0,54.402,-0.626668,False,True,False,1,5,1,4,0,0.08,False
0,54.367,0.583865,False,True,False,3,11,1,3,0,0.15,False
0,17.241667,4.196133,False,True,False,2,7,1,3,0,0.0,False
0,48.72,-0.883415,False,True,False,1,6,1,2,0,0.0,False
0,54.863333,-0.681208,False,True,False,2,4,1,3,0,0.0,False
0,62.022,-0.524524,False,True,False,3,6,1,2,0,0.15,False
0,35.1875,1.010089,False,True,False,4,13,1,3,0,0.3,False
0,67.116,-0.492669,False,True,False,1,6,1,2,0,0.0,False
0,47.816923,-0.599096,False,True,False,4,14,1,3,0,0.3,False
0,54.4125,0.07365,False,True,False,3,5,1,1,0,0.15,False
0,45.770714,-0.389129,False,True,False,4,15,1,1,0,0.3,False
0,42.571429,-0.291779,False,True,False,1,7,1,5,0,0.16,False
0,60.083333,-0.460749,False,True,False,1,4,1,4,0,0.08,False
0,73.18625,-0.283609,False,True,False,1,9,1,2,0,0.0,False
0,37.921538,-0.317802,False,True,False,4,14,1,3,0,0.3,False
0,40.766667,0.407277,False,True,False,1,7,1,3,0,0.0,False
0,43.79625,-0.286697,False,True,False,2,16,1,3,0,0.0,False
0,70.88,-0.801072,False,True,False,1,10,1,1,0,0.0,False
0,59.144,-0.456242,False,True,False,2,6,1,3,0,0.0,False
0,53.102857,-0.723179,True,True,False,2,8,1,3,0,0.0,False
0,68.992857,-0.504007,False,True,False,4,8,1,3,0,0.3,False
0,50.132857,0.282592,False,True,False,4,8,1,2,0,0.3,False
0,43.138571,-0.674769,False,True,False,1,8,1,1,0,0.0,False
0,57.252727,-0.225888,False,True,False,3,12,1,2,0,0.15,False
0,44.583333,-0.617346,False,True,False,4,16,1,2,0,0.3,False
0,62.381667,-0.376259,False,True,False,3,7,1,1,0,0.15,False
0,38.345,0.718607,False,True,False,2,6,1,3,0,0.0,False
0,43.057647,-0.859955,False,True,False,2,17,1,2,0,0.0,False
0,63.2325,-0.785237,False,True,False,2,5,1,3,0,0.0,False
0,56.175,-0.561193,False,True,False,3,13,1,1,0,0.15,False
0,34.011,0.25283,False,True,False,3,11,1,3,0,0.15,False
0,51.90375,-0.441466,False,True,False,4,9,1,2,0,0.3,False
0,47.705,-0.330888,True,True,False,4,9,1,1,0,0.3,False
0,61.24875,1.771648,False,True,False,3,8,1,1,0,0.15,False
0,55.214,-0.772703,True,True,False,4,6,1,2,0,0.3,False
0,54.064,0.51931,True,True,False,2,6,1,1,0,0.0,False
0,48.3025,-0.481807,False,True,False,2,9,1,2,0,0.0,False
0,100.092857,-0.486477,False,True,False,4,8,1,2,0,0.3,False
0,73.305556,1.480712,False,True,False,3,9,1,3,0,0.15,False
0,16.922857,2.394817,False,True,False,3,8,1,1,0,0.15,False
0,41.697143,0.069857,False,True,False,3,8,1,1,0,0.15,False
0,40.3775,1.947681,False,True,False,1,5,1,1,0,0.0,False
0,36.588,1.225866,False,True,False,2,6,1,3,0,0.0,False
0,71.248,-0.7548,False,True,False,3,6,1,4,0,0.23,False
0,54.516,-0.231235,True,True,False,2,6,1,1,0,0.0,False
0,58.092222,-0.855747,False,True,False,2,10,1,1,0,0.0,False
0,19.26,0.116303,False,True,False,1,2,1,3,0,0.0,False
0,59.972222,-0.290171,False,True,False,5,10,1,2,0,0.45,False
0,26.387778,-0.224641,True,True,False,4,10,1,4,0,0.38,False
0,42.863125,-0.038568,False,True,False,4,17,1,3,0,0.3,False
0,45.716667,-0.283412,False,True,False,2,10,1,4,0,0.08,False
0,31.575,0.610768,False,True,False,1,5,1,2,0,0.0,False
0,53.121,-0.55592,False,True,False,2,11,1,2,0,0.0,False
0,55.526,-0.71887,False,True,False,3,6,1,2,0,0.15,False
0,58.743333,0.839187,True,True,False,3,7,1,3,0,0.15,False
0,55.87125,-0.601405,False,True,False,2,9,1,3,0,0.0,False
0,39.5,0.421519,False,True,False,1,9,1,2,0,0.0,False
0,58.232,0.792829,False,True,False,5,11,1,3,0,0.45,False
0,26.865,0.404057,False,True,False,1,5,1,2,0,0.0,False
0,79.278333,-0.789476,False,True,False,3,7,1,2,0,0.15,False
0,52.137778,-0.449344,False,True,False,2,10,1,2,0,0.0,False
0,29.34875,1.546616,False,True,False,3,9,1,1,0,0.15,False
0,64.64,-0.39573,False,True,False,4,11,1,1,0,0.3,False
0,70.337143,-0.820436,False,True,False,3,8,1,3,0,0.15,False
0,43.54,0.225769,False,False,False,2,5,1,3,0,0.0,False
0,52.415,0.169322,False,True,False,2,7,1,2,0,0.0,False
0,37.566667,-0.336646,False,True,False,1,4,1,2,0,0.0,False
0,46.172222,0.168668,False,True,False,3,10,1,1,0,0.15,False
0,29.164286,0.381484,True,True,False,3,8,1,1,0,0.15,False
0,42.181,-0.329556,False,True,False,3,11,1,3,0,0.15,False
0,55.73625,-0.788827,False,True,False,5,9,1,2,0,0.45,False
0,26.735,1.933982,False,True,False,1,5,1,3,0,0.0,False
0,21.98875,1.764596,False,True,False,3,9,1,1,0,0.15,False
0,42.06125,0.256025,False,True,False,3,9,1,2,0,0.15,False
0,28.88,2.944945,False,True,False,2,6,1,2,0,0.0,False
0,62.314545,0.131999,False,True,False,4,12,1,2,0,0.3,False
0,42.281429,0.356387,True,True,False,3,7,1,2,0,0.15,False
0,74.511667,-0.924307,False,True,False,1,7,1,1,0,0.0,False
0,78.47,0.099401,False,True,False,4,8,1,2,0,0.3,False
0,49.357778,-0.28299,False,True,False,4,10,1,2,0,0.3,False
0,50.518,-0.15832,False,True,False,3,6,1,2,0,0.15,False
0,34.392222,0.243014,False,True,False,3,10,1,4,0,0.23,False
0,43.257778,0.42171,False,True,False,3,10,1,2,0,0.15,False
0,39.06,1.080645,False,True,False,3,8,1,2,0,0.15,False
0,61.8975,-0.111434,False,True,False,3,9,1,2,0,0.15,False
0,71.278,-0.320407,False,True,False,2,6,1,2,0,0.0,False
0,34.405,0.158262,False,True,False,1,5,1,2,0,0.0,False
0,27.428,-0.917238,False,True,False,1,6,1,2,0,0.0,False
0,54.646667,-0.518543,False,True,False,2,7,1,1,0,0.0,False
0,55.667143,-0.719943,False,True,False,2,8,1,1,0,0.0,False
0,20.38,3.280177,False,True,False,1,3,1,1,0,0.0,False
0,37.858889,0.43533,False,True,False,3,10,1,1,0,0.15,False
0,61.418,-0.626331,False,True,False,2,6,1,3,0,0.0,False
0,34.792727,-0.285195,True,True,False,4,12,1,3,0,0.3,False
0,44.165,-0.45296,False,True,False,3,8,1,4,0,0.23,False
0,56.106,-0.575446,False,True,False,1,6,1,1,0,0.0,False
0,53.75,-0.805953,False,True,False,3,14,1,2,0,0.15,False
0,78.3875,-0.88812,False,True,False,3,5,1,2,0,0.15,False
0,28.188571,0.20226,False,True,False,3,8,1,1,0,0.15,False
0,41.01875,0.908396,False,True,False,1,8,1,3,0,0.0,False
0,60.724,-0.64528,False,True,False,3,6,1,4,0,0.23,False
0,11.715,2.603073,False,True,False,2,3,1,4,0,0.08,False
0,84.16,-0.291944,False,True,False,3,10,1,3,0,0.15,False
0,94.00625,-0.840862,False,True,False,4,9,1,2,0,0.3,False
0,59.37125,-0.451081,False,True,False,1,9,1,3,0,0.0,False
0,63.12375,-0.692192,False,True,False,3,9,1,1,0,0.15,False
0,23.925,4.002717,False,True,False,2,5,1,4,0,0.08,False
0,43.055,1.684473,False,True,False,2,7,1,3,0,0.0,False
0,43.173529,-0.65326,False,True,False,5,18,1,2,0,0.45,False
0,81.926364,-0.449628,False,True,False,3,11,1,3,0,0.15,False
0,58.268889,0.335189,False,True,False,3,10,1,3,0,0.15,False
0,28.565714,1.285257,False,True,False,2,8,1,2,0,0.0,False
0,64.464,-0.451632,False,True,False,3,6,1,4,0,0.23,False
0,47.961,0.963679,False,True,False,4,11,1,2,0,0.3,False
0,61.606364,-0.739313,False,True,False,3,12,1,2,0,0.15,False
0,63.0,-0.58746,False,True,False,4,13,1,2,0,0.3,False
0,21.138,-0.223673,False,True,False,1,6,1,2,0,0.0,False
0,57.810833,0.071253,False,True,False,3,13,1,2,0,0.15,False
0,26.71875,-0.222269,False,True,False,4,9,1,3,0,0.3,False
0,85.223333,-0.661126,False,True,False,4,10,1,1,0,0.3,False
0,60.222,-0.098668,False,True,False,3,11,1,3,0,0.15,False
0,49.329091,0.173547,False,True,False,6,12,1,3,0,0.6,False
0,43.006,-0.627261,False,True,False,3,11,1,1,0,0.15,False
0,29.16,1.644719,False,True,False,4,7,1,4,0,0.38,False
0,58.127692,-0.179737,True,True,False,4,14,1,2,0,0.3,False
0,41.000556,-0.660005,False,True,False,2,18,1,4,0,0.08,False
0,45.37375,-0.747651,False,True,False,2,9,1,1,0,0.0,False
0,35.432,-0.077105,False,True,False,1,6,1,2,0,0.0,False
0,44.566667,0.466791,False,True,False,2,4,1,2,0,0.0,False
0,45.558571,0.464488,False,True,False,2,15,1,1,0,0.0,False
0,50.6575,-0.13083,False,True,False,2,9,1,3,0,0.0,False
0,26.7825,0.285541,False,True,False,1,5,1,3,0,0.0,False
0,60.153077,-0.170948,False,True,False,4,14,1,4,0,0.38,False
0,39.085556,-0.572476,False,True,False,3,10,1,2,0,0.15,False
0,59.611667,1.14203,False,True,False,3,7,1,3,0,0.15,False
0,38.365,2.293627,False,True,False,2,11,1,1,0,0.0,False
0,69.337143,-0.326912,False,True,False,3,8,1,3,0,0.15,False
0,79.589,-0.512747,False,True,False,4,11,1,4,0,0.38,False
0,50.0175,-0.523567,False,True,False,4,9,1,4,0,0.38,False
0,27.577143,0.83304,True,True,False,3,8,1,1,0,0.15,False
0,50.46,-0.622473,False,True,False,4,9,1,3,0,0.3,False
0,48.873333,-0.885623,False,True,False,3,7,1,2,0,0.15,False
0,50.851111,-0.925665,False,True,False,5,10,1,1,0,0.45,False
0,45.158889,-0.613144,False,True,False,1,9,1,3,0,0.0,False
0,42.765882,-0.122431,False,True,False,4,18,1,1,0,0.3,False
0,78.856667,-0.452297,False,True,False,3,12,1,3,0,0.15,False
0,20.35,0.102211,False,True,False,1,7,1,1,0,0.0,False
0,29.036,0.27738,False,True,False,1,6,1,2,0,0.0,False
0,37.076,-0.282824,False,True,False,1,6,1,1,0,0.0,False
0,47.107778,-0.683916,False,True,False,4,10,1,3,0,0.3,False
0,48.103333,-0.340586,False,True,False,4,7,1,6,0,0.54,False
0,45.178333,0.404656,False,True,False,2,6,1,4,0,0.08,False
0,70.757,-0.781788,False,True,False,2,11,1,3,0,0.0,False
0,21.88,-0.294333,True,True,False,3,4,1,2,0,0.15,False
0,50.0425,-0.718639,False,False,False,6,12,1,2,0,0.6,False
0,56.395556,-0.875345,False,True,False,1,10,1,4,0,0.08,False
0,40.553636,-0.443946,False,True,False,3,12,1,4,0,0.23,False
0,62.429091,-0.060854,False,True,False,5,12,1,1,0,0.45,False
0,30.555,0.245623,False,True,False,3,9,1,4,0,0.23,False
0,30.378333,-0.048006,True,True,False,2,7,1,2,0,0.0,False
0,46.144,-0.20423,False,True,False,5,11,1,2,0,0.45,False
0,44.421,-0.495959,False,True,False,2,11,1,1,0,0.0,False
0,53.415714,-0.869514,False,True,False,2,8,1,2,0,0.0,False
0,65.202,-0.049262,False,True,False,1,11,1,2,0,0.0,False
0,62.1125,0.255947,False,True,False,5,13,1,3,0,0.45,False
0,26.058889,-0.290453,False,True,False,4,10,1,4,0,0.38,False
0,26.3,0.11597,False,True,False,3,10,1,7,0,0.47,False
0,37.060714,-0.260673,False,True,False,4,15,1,3,0,0.3,False
0,44.063333,-0.004615,False,True,False,2,7,1,2,0,0.0,False
0,39.507,2.239679,False,True,False,3,11,1,2,0,0.15,False
0,57.381429,0.459531,True,True,False,5,15,1,3,0,0.45,False
0,42.39,-0.422269,False,True,False,1,10,1,2,0,0.0,False
0,41.606667,0.228409,False,True,False,5,19,1,4,0,0.53,False
0,47.550909,0.899648,False,True,False,3,12,1,3,0,0.15,False
0,59.418571,-0.227346,False,True,False,4,15,1,3,0,0.3,False
0,32.492,0.015327,True,True,False,3,11,1,4,0,0.23,False
0,44.33625,0.067073,False,True,False,3,9,1,3,0,0.15,False
0,44.034286,-0.57147,False,True,False,2,8,1,2,0,0.0,False
0,59.139333,-0.641525,False,True,False,5,16,1,3,0,0.45,False
0,99.1375,-0.85737,False,True,False,2,5,1,2,0,0.0,False
0,65.785714,-0.356395,False,True,False,3,8,1,4,0,0.23,False
0,61.605,-0.516111,False,True,False,1,7,1,3,0,0.0,False
0,61.131111,-0.719619,False,True,False,3,10,1,4,0,0.23,False
0,41.604444,-0.301998,False,True,False,2,10,1,4,0,0.08,False
0,41.942222,0.149915,False,True,False,3,9,1,5,0,0.31,False
0,56.6,1.706714,True,True,False,4,7,1,1,0,0.3,False
0,46.969333,0.584225,False,True,False,2,16,1,2,0,0.0,False
0,53.302,-0.900004,False,True,False,2,6,1,5,0,0.16,False
0,36.011429,0.113535,False,True,False,4,8,1,3,0,0.3,False
0,56.768125,0.830252,False,True,False,5,17,1,3,0,0.45,False
0,23.235,-0.511082,False,True,False,1,7,1,3,0,0.0,False
0,52.162727,-0.013088,False,True,False,4,12,1,5,0,0.46,False
0,79.445,-0.655107,True,True,False,5,9,1,3,0,0.45,False
0,46.951,0.770356,False,True,False,3,11,1,1,0,0.15,False
0,28.312,0.616276,False,True,False,1,6,1,1,0,0.0,False
0,53.1625,-0.692829,False,True,False,1,5,1,3,0,0.0,False
0,25.795,0.093235,False,True,False,4,11,1,2,0,0.3,False
0,43.886,-0.326209,False,True,False,4,11,1,6,0,0.54,False
0,34.976667,-0.141999,False,True,False,1,7,1,5,0,0.16,False
0,67.471667,0.20169,False,True,False,2,7,1,5,0,0.16,False
0,45.52,-0.629174,False,True,False,2,5,1,3,0,0.0,False
0,49.7675,0.484503,False,True,False,2,5,1,4,0,0.08,False
0,59.028571,-0.559535,False,True,False,3,8,1,2,0,0.15,False
0,35.494,0.115682,False,True,False,1,6,1,2,0,0.0,False
0,48.684375,-0.279235,False,True,False,2,17,1,5,0,0.16,False
0,55.006667,-0.408435,False,True,False,2,7,1,1,0,0.0,False
0,35.328333,-0.072699,False,True,False,1,7,1,2,0,0.0,False
0,64.91,0.637036,False,True,False,1,12,1,7,0,0.32,False
0,45.762857,0.41971,False,True,False,4,8,1,3,0,0.3,False
0,56.835,-0.564177,False,True,False,2,5,1,2,0,0.0,False
0,42.69,1.751933,True,True,False,4,8,1,1,0,0.3,False
0,28.782,0.433187,False,True,False,2,6,1,2,0,0.0,False
0,40.348,0.092495,False,True,False,2,11,1,2,0,0.0,False
0,50.655714,-0.665388,False,True,False,3,15,1,4,0,0.23,False
0,33.965833,-0.345224,False,True,False,4,13,1,1,0,0.3,False
0,45.951111,-0.584558,False,True,False,4,10,1,4,0,0.38,False
0,56.732,-0.374603,False,True,False,3,11,1,3,0,0.15,False
0,48.16375,0.14609,False,True,False,4,9,1,1,0,0.3,False
0,36.5225,0.216237,False,True,False,4,9,1,4,0,0.38,False
0,47.884706,1.463626,True,True,False,3,18,1,4,0,0.23,False
0,57.303333,-0.715898,False,True,False,2,4,1,1,0,0.0,False
0,42.475,-0.14538,False,False,False,4,18,1,2,0,0.3,False
0,47.276154,-0.748922,False,True,False,6,13,1,2,0,0.6,False
0,30.44875,-0.479782,False,True,False,3,9,1,5,0,0.31,False
0,64.64625,0.408744,False,True,False,4,9,1,3,0,0.3,False
0,31.22,-0.267777,False,True,False,1,7,1,4,0,0.08,False
0,59.540588,-0.707594,False,True,False,5,18,1,1,0,0.45,False
0,35.705,-0.831116,False,True,False,2,5,1,3,0,0.0,False
0,26.013636,-0.335733,False,True,False,4,12,1,2,0,0.3,False
0,53.682857,-0.476555,False,True,False,2,8,1,4,0,0.08,False
0,36.178333,-0.690975,False,True,False,1,7,1,1,0,0.0,False
0,39.053333,-0.312735,False,True,False,3,13,1,3,0,0.15,False
0,49.795,0.837936,False,True,False,2,11,1,2,0,0.0,False
0,41.35,-0.545103,False,True,False,1,10,1,4,0,0.08,False
0,53.588182,-0.709451,False,True,False,2,12,1,3,0,0.0,False
0,50.598571,-0.733589,False,True,False,2,8,1,3,0,0.0,False
0,47.61,-0.721067,False,True,False,2,9,1,1,0,0.0,False
1,43.795556,0.16062,True,True,False,3,10,1,4,0,0.23,False
0,42.663333,-0.192984,False,True,False,1,4,1,2,0,0.0,False
0,42.571,0.6725,False,True,False,3,10,1,6,0,0.39,False
0,52.03875,2.202421,False,True,False,4,9,1,4,0,0.38,False
0,62.285,-0.877017,False,True,False,3,7,1,3,0,0.15,False
0,70.4,-0.3625,False,True,False,4,8,1,2,0,0.3,False
0,44.747143,-0.697634,False,True,False,6,14,1,2,0,0.6,False
0,73.28,-0.150519,False,True,False,5,10,1,2,0,0.45,False
0,66.50375,-0.599421,False,False,False,3,8,1,3,0,0.15,False
0,37.4,-0.09492,False,True,False,4,10,1,1,0,0.3,False
0,28.90125,-0.589637,True,True,False,4,9,1,5,0,0.46,False
0,39.576316,-0.4052,False,True,False,2,19,1,4,0,0.08,False
0,51.797143,-0.31309,False,True,False,2,8,1,4,0,0.08,False
0,46.364545,1.113468,False,True,False,2,12,1,5,0,0.16,False
0,45.134,-0.611379,False,True,False,1,6,1,2,0,0.0,False
0,57.2,-0.627273,False,True,False,5,19,1,1,0,0.45,False
0,50.485,0.396256,False,True,False,2,9,1,1,0,0.0,False
0,25.302,-0.341949,False,True,False,4,11,1,2,0,0.3,False
0,59.681818,0.383839,False,True,False,3,12,1,4,0,0.23,False
0,30.86,0.065457,False,True,False,2,7,1,5,0,0.16,False
0,40.535,0.041076,False,True,False,1,7,1,5,0,0.16,False
0,51.459,-0.136594,False,True,False,1,11,1,3,0,0.0,False
0,38.113846,-0.469222,False,True,False,3,14,1,4,0,0.23,False
0,44.666667,0.012836,False,True,False,3,10,1,4,0,0.23,False
0,42.418182,-0.57919,False,True,False,2,12,1,2,0,0.0,False
0,49.77,-0.554752,False,True,False,2,9,1,4,0,0.08,False
0,50.82,0.01889,True,True,False,2,12,1,4,0,0.08,False
0,32.607143,0.284381,False,True,False,1,8,1,3,0,0.0,False
0,38.835,-0.196859,False,True,False,2,7,1,3,0,0.0,False
1,37.742857,-0.67941,False,True,False,2,8,1,7,0,0.32,False
0,30.17,-0.510441,False,True,False,2,8,1,1,0,0.0,False
0,45.173636,-0.085307,False,True,False,3,11,1,5,0,0.31,False
0,42.584545,0.396751,True,True,False,5,12,1,3,0,0.45,False
0,39.096,-0.651371,False,True,False,1,11,1,2,0,0.0,False
0,47.865,-0.646715,False,True,False,1,3,1,5,0,0.16,False
0,64.773333,-0.430784,False,True,False,4,10,1,2,0,0.3,False
0,47.79,-0.241682,False,True,False,2,7,1,2,0,0.0,False
0,69.415714,-0.869914,False,True,False,2,8,1,3,0,0.0,False
0,45.287273,-0.167978,True,True,False,6,12,1,4,0,0.68,False
0,72.177,-0.715699,False,True,False,5,11,1,1,0,0.45,False
0,49.921111,1.46549,False,True,False,2,10,1,1,0,0.0,False
0,57.062857,-0.291658,False,True,False,1,8,1,2,0,0.0,False
0,47.0475,-0.013975,False,True,False,2,5,1,2,0,0.0,False
0,57.237,-0.172388,False,True,False,2,11,1,5,0,0.16,False
0,44.724,-0.719614,False,True,False,3,11,1,1,0,0.15,False
0,46.916,2.34257,False,True,False,2,6,1,1,0,0.0,False
0,45.796,-0.802603,False,True,False,1,6,1,3,0,0.0,False
0,54.9,0.140073,False,True,False,3,9,1,5,0,0.31,False
0,37.546667,0.446733,False,True,False,1,4,1,2,0,0.0,False
0,43.078,-0.475138,False,True,False,2,6,1,4,0,0.08,False
0,67.480909,-0.163615,False,True,False,5,12,1,3,0,0.45,False
0,40.687273,-0.368599,False,True,False,2,12,1,2,0,0.0,False
0,65.233333,-0.704292,False,True,False,2,7,1,2,0,0.0,False
0,50.436364,-0.044142,False,True,False,2,12,1,2,0,0.0,False
0,56.34,-0.737309,False,True,False,2,12,1,4,0,0.08,False
0,39.1225,-0.292479,False,True,False,1,9,1,3,0,0.0,False
0,76.464286,-0.730724,False,True,False,4,8,1,5,0,0.46,False
0,41.74,-0.393627,False,True,False,1,5,1,2,0,0.0,False
0,55.754444,-0.160426,False,True,False,3,10,1,4,0,0.23,False
0,66.560833,-0.690809,False,True,False,5,13,1,3,0,0.45,False
0,29.77,-0.046355,False,True,False,2,6,1,2,0,0.0,False
0,33.76625,-0.344316,False,True,False,1,9,1,5,0,0.16,False
0,21.538571,3.881011,False,True,False,1,8,1,3,0,0.0,False
0,27.007778,0.612869,False,True,False,4,10,1,4,0,0.38,False
0,39.792,-0.007589,False,True,False,2,6,1,4,0,0.08,False
0,54.59,0.047994,False,True,False,2,6,1,3,0,0.0,False
0,44.8525,-0.54094,False,True,False,3,12,1,3,0,0.15,False
0,44.499,0.479809,False,True,False,3,11,1,4,0,0.23,False
0,42.986154,0.016141,False,True,False,3,13,1,3,0,0.15,False
0,45.306667,-0.790318,False,True,False,2,7,1,2,0,0.0,False
0,69.48,-0.84787,False,True,False,4,9,1,1,0,0.3,False
0,25.285833,-0.171473,False,True,False,4,13,1,2,0,0.3,False
0,40.772857,-0.717704,False,True,False,1,8,1,3,0,0.0,False
0,30.025714,-0.088448,False,True,False,1,8,1,4,0,0.08,False
0,50.42,-0.708052,False,True,False,2,13,1,2,0,0.0,False
0,61.8675,-0.50491,False,True,False,2,9,1,2,0,0.0,False
0,37.045,1.765555,False,True,False,4,11,1,1,0,0.3,False
0,26.97,0.1802,True,True,False,3,5,1,3,0,0.15,False
0,44.653333,-0.417961,False,True,False,6,13,1,2,0,0.6,False
