customer_txn_count_60m,amount_deviation_ratio,is_new_device,shared_device_account_count,is_fraud
2,0.6617,0,0,0
1,-1.0,0,1,0
0,-0.3235,0,0,0
5,-0.1916,0,0,0
2,0.1535,0,0,0
1,0.829,0,0,0
0,-1.0,0,1,0
1,-0.7828,0,0,0
7,4.1235,1,1,1
1,0.5168,0,0,0
8,3.0162,0,5,1
1,-0.5231,0,1,0
0,-1.0,1,0,0
1,-0.2713,0,2,0
1,0.2021,0,0,0
10,3.4035,1,2,1
2,-0.7947,0,0,0
5,2.4367,1,2,1
1,0.1011,0,1,0
1,0.5156,0,0,0
1,0.3975,0,0,0
2,1.9107,0,1,0
0,0.4307,0,0,0
0,-0.3106,1,0,0
1,-1.0,0,0,0
7,2.2763,0,5,1
1,1.0845,0,0,0
1,-0.3847,0,0,0
2,1.287,0,0,0
11,1.5226,1,3,1
1,-0.8956,0,0,0
1,-1.0,0,1,0
1,1.5182,0,0,0
0,0.1491,0,1,0
2,0.8563,0,0,0
5,0.0362,0,0,0
2,-0.2266,0,1,0
5,1.5587,0,1,0
0,-0.1944,0,0,0
14,1.9369,1,2,1
13,2.0297,1,0,1
1,-1.0,0,0,0
5,2.4379,1,3,1
3,0.296,0,0,0
1,-0.3629,0,0,0
0,0.76,0,0,0
3,-1.0,0,0,0
2,0.9842,0,1,0
11,1.8487,1,5,1
5,1.1856,0,0,0
1,-0.1506,0,0,0
6,4.6173,0,2,1
1,-1.0,0,1,0
8,3.0693,1,5,1
1,1.5124,0,0,0
2,0.2114,0,0,0
0,-0.8441,0,3,0
4,-0.6946,0,0,0
3,-1.0,0,0,0
2,-0.6656,0,0,0
2,0.9154,0,0,0
1,0.6864,0,0,0
0,-0.8441,0,1,0
1,1.3107,0,1,0
2,0.3065,0,2,0
1,0.483,0,0,0
1,-0.5511,0,0,0
1,0.6335,0,0,0
12,2.6,1,2,1
1,0.613,0,0,0
0,0.3035,0,0,0
0,0.7112,0,0,0
1,0.0799,0,0,0
3,-0.2354,0,0,0
0,-1.0,0,0,0
0,-0.2238,1,1,0
3,-0.7701,0,1,0
0,-0.2482,0,1,0
2,-0.4859,0,1,0
0,1.0881,0,3,0
6,0.4983,0,2,1
1,-0.5894,1,0,0
6,-0.5101,0,0,0
2,0.3914,0,1,0
1,0.3318,0,0,0
3,-1.0,0,2,0
0,-1.0,0,0,0
0,1.1979,0,0,0
9,1.0379,1,7,1
4,-0.3753,0,0,0
2,0.5491,0,0,0
2,0.2333,0,1,0
12,1.1623,1,6,1
8,4.1293,1,3,1
1,0.0025,0,0,0
0,-0.3793,0,0,0
0,-0.6695,0,0,0
2,0.1626,0,0,0
2,-0.0635,0,0,0
0,-0.1178,0,0,0
0,1.6122,0,0,0
4,-0.3321,0,0,0
0,-1.0,0,1,0
1,1.0043,0,1,0
7,2.5002,1,2,1
0,1.2224,0,0,0
4,-0.9144,0,0,0
8,3.6305,1,5,1
1,0.2499,0,0,0
1,-0.7787,0,1,0
1,0.146,0,2,0
7,1.0271,0,0,0
3,0.1772,0,0,0
2,0.0606,0,0,0
0,0.3362,0,0,0
2,1.8179,0,0,0
1,-0.1737,0,0,0
4,-0.2546,0,0,0
2,0.3488,0,0,0
2,-0.7528,0,0,0
2,0.3458,0,0,0
3,0.9116,0,1,0
1,0.0673,0,0,0
2,0.5497,0,0,0
1,-0.9128,0,0,0
1,0.3374,0,0,0
1,-0.6364,0,0,0
3,-0.2796,0,1,0
5,-1.0,1,0,0
2,-1.0,1,0,0
1,0.832,0,1,0
0,-0.401,0,0,0
0,-0.1315,0,2,0
1,1.0651,0,0,0
3,-0.2924,0,0,0
2,-0.081,0,0,0
0,-0.9889,0,1,0
2,0.8481,0,0,0
4,-0.205,0,0,0
0,-0.222,0,0,0
0,1.6784,0,0,0
0,0.3665,0,0,0
1,0.5783,0,0,0
1,-1.0,0,0,0
4,-0.0133,0,1,0
0,1.5363,0,1,0
0,-0.4197,0,0,0
0,-1.0,0,0,0
11,3.2638,1,2,1
11,3.5896,1,3,1
0,0.0783,0,0,0
4,-0.025,0,1,0
5,0.2709,0,1,0
2,-1.0,0,0,0
0,-0.7838,1,0,0
12,1.75,1,5,1
4,-0.6239,0,0,0
0,-1.0,0,0,0
3,0.2135,0,2,0
2,0.761,0,0,0
1,-1.0,0,0,0
1,-1.0,0,1,0
4,3.4499,1,2,1
3,1.4853,0,0,0
0,0.5868,0,1,0
1,-0.3339,0,0,0
2,0.2233,0,0,0
1,0.9653,0,0,0
4,3.1122,1,4,1
0,-0.2236,0,0,0
3,-0.3873,0,0,0
1,-0.6626,0,1,0
0,-1.0,1,0,0
1,-0.6577,0,0,0
1,0.8188,0,1,0
1,-1.0,0,0,0
1,-0.7761,1,0,0
1,-0.7714,0,0,0
1,0.7682,0,0,0
1,0.4619,0,0,0
3,0.5451,0,0,0
3,0.3038,0,1,0
2,2.4615,0,0,0
2,0.8603,0,0,0
1,-0.1563,0,0,0
2,0.1806,0,0,0
1,-0.1363,0,0,0
3,0.474,0,0,0
1,-0.4719,0,1,0
1,-0.7733,0,0,0
0,0.1195,0,0,0
4,2.5691,1,4,1
2,0.9388,0,2,0
8,2.5747,1,5,1
8,3.0991,0,6,1
1,0.3478,0,0,0
1,-0.3819,0,0,0
0,-1.0,0,1,0
2,-0.1452,0,0,0
1,1.0494,0,0,0
1,0.3579,0,1,0
0,-0.6523,0,0,0
11,2.6973,1,2,1
2,-0.6256,1,0,0
2,-0.3295,0,0,0
6,1.3689,1,3,1
0,0.9441,0,0,0
1,-1.0,0,0,0
1,-0.2981,0,0,0
6,2.2287,0,4,1
0,0.5021,0,0,0
8,2.433,1,5,1
13,3.1116,1,3,1
10,1.2334,1,6,1
3,-0.3586,0,1,0
2,0.1527,0,0,0
0,-0.0505,0,0,0
0,0.5457,0,0,0
0,-0.3636,1,0,0
1,0.101,0,1,0
2,2.5216,0,0,0
7,3.7238,1,4,1
2,-0.5074,0,1,0
3,1.8793,0,0,0
2,-1.0,0,1,0
2,-0.1768,0,0,0
2,-0.4122,0,0,0
11,2.8306,1,3,1
1,1.1255,0,0,0
1,-0.0892,0,0,0
2,-1.0,1,0,0
10,1.4121,1,4,1
0,-0.3908,0,0,0
1,-0.1849,0,1,0
2,-0.3748,0,2,0
2,0.4045,1,2,0
0,-0.2445,1,1,0
0,0.3033,1,0,0
2,-0.7034,0,0,0
1,0.6257,0,0,0
1,-0.2605,0,0,0
2,-1.0,0,0,0
1,0.8547,0,0,0
0,0.8935,0,0,0
6,-0.7026,0,0,0
4,2.0881,0,5,1
2,0.1404,0,0,0
1,1.9137,1,0,0
2,-0.3616,0,0,0
0,0.2213,0,0,0
0,1.1698,0,0,0
2,-1.0,0,1,0
1,0.0689,0,1,0
0,1.4862,1,0,0
0,0.4113,0,0,0
2,1.439,0,0,0
0,-1.0,0,0,0
0,0.8236,0,0,0
1,0.3476,0,0,0
3,0.9023,0,0,0
11,2.6411,0,1,1
2,0.2472,0,1,0
13,2.7387,0,1,1
2,-0.8639,0,0,0
0,-0.1795,0,0,0
1,0.0447,0,1,0
1,-0.0791,0,0,0
14,2.6794,1,2,1
7,1.3264,1,2,1
2,0.1945,0,1,0
2,0.2097,0,0,0
0,0.1243,0,0,0
5,1.1732,0,0,0
0,0.5542,0,0,0
2,1.6337,0,0,0
4,0.0613,1,1,0
3,0.2987,0,0,0
3,-0.8085,0,0,0
2,-0.4781,0,1,0
11,1.4919,1,5,1
0,0.2294,0,0,0
1,0.2752,0,0,0
0,0.143,1,0,0
0,-0.4492,0,0,0
4,-1.0,0,1,0
11,1.9674,0,9,1
4,0.6519,0,5,1
1,0.5376,0,0,0
9,1.8266,1,6,1
5,2.751,0,2,1
3,-0.4764,0,0,0
3,1.293,0,1,0
2,-1.0,0,0,0
3,0.5747,0,1,0
0,-0.028,0,0,0
4,0.3204,0,0,0
7,0.8313,0,2,1
1,-0.7798,0,0,0
0,0.3803,0,0,0
1,1.1091,0,1,0
0,0.5953,0,0,0
6,3.2812,1,3,1
1,-0.2356,0,0,0
4,0.6801,0,0,0
1,0.8289,0,0,0
1,-0.0648,0,0,0
0,0.4159,0,0,0
2,-0.4368,0,0,0
3,-0.6197,0,0,0
6,4.3876,1,3,1
0,0.2493,0,1,0
1,1.3323,1,3,0
3,-1.0,0,0,0
0,-0.6249,0,0,0
0,-0.0447,0,0,0
1,0.1833,0,1,0
2,1.3081,0,0,0
1,-0.0847,0,0,0
4,-0.5496,0,0,0
1,1.0092,0,0,0
7,3.7227,1,2,1
0,-1.0,0,2,0
8,2.1817,0,7,1
0,-0.1325,0,0,0
0,-1.0,0,0,0
0,0.8656,0,0,0
3,1.1028,0,0,0
1,1.77,0,2,0
2,0.5218,0,1,0
1,0.6486,0,0,0
0,-0.2616,0,0,0
3,0.3372,0,1,0
0,-0.4771,0,0,0
1,-0.853,0,0,0
0,1.578,0,0,0
1,-1.0,0,0,0
2,-0.4257,0,0,0
2,5.0,1,5,1
3,0.7891,1,1,0
1,-0.5912,0,0,0
2,0.6053,0,0,0
3,0.3427,0,0,0
2,-1.0,0,0,0
0,-0.0513,1,1,0
0,0.9172,0,0,0
1,0.0365,0,0,0
0,0.1564,0,0,0
2,0.4519,0,1,0
1,-0.7171,0,0,0
0,0.6898,0,0,0
6,1.4491,1,5,1
1,1.6767,0,2,0
1,-0.464,0,0,0
0,-0.4525,0,0,0
6,1.6406,1,0,1
2,0.4406,0,2,0
1,-1.0,0,0,0
0,-1.0,0,0,0
3,-1.0,0,2,0
2,-0.2778,0,2,0
3,-0.6499,0,1,0
0,0.8216,0,0,0
2,-0.4915,0,0,0
12,1.6807,1,4,1
3,-0.1214,1,0,0
2,1.3033,0,0,0
2,0.1996,0,0,0
6,-1.0,0,2,0
0,0.3944,0,0,0
5,0.6809,1,2,1
1,0.1265,0,1,0
1,1.8749,1,1,0
11,1.3727,1,0,1
1,-0.1362,0,0,0
0,0.5099,1,1,0
0,-0.2477,0,0,0
4,-0.0827,0,0,0
1,1.1418,0,0,0
1,-0.5246,0,0,0
1,-0.4715,0,0,0
1,-0.4713,0,1,0
2,-0.6181,0,0,0
4,-0.5736,0,2,0
5,0.1685,0,1,0
0,-1.0,0,0,0
6,-0.3063,0,0,0
2,1.0496,0,0,0
1,0.4427,0,1,0
2,-1.0,0,1,0
1,-0.0048,0,0,0
2,-1.0,0,0,0
0,-0.4867,0,0,0
3,-1.0,0,0,0
2,-0.8341,0,0,0
0,-0.5566,0,2,0
3,0.5569,0,2,0
1,-1.0,0,1,0
2,-0.3199,0,3,0
7,3.3156,1,2,1
0,-0.7345,0,1,0
4,1.7359,0,0,0
7,2.4049,1,5,1
0,0.1262,0,0,0
2,-0.7961,0,0,0
1,0.0418,0,0,0
5,0.2704,0,0,0
1,0.5833,0,0,0
2,0.1662,0,1,0
0,-0.3568,0,0,0
0,-1.0,0,0,0
3,-0.3975,0,0,0
2,0.1449,0,0,0
1,-0.6432,0,0,0
0,0.6009,0,0,0
2,1.5319,1,2,1
2,0.5296,1,0,0
8,1.9735,1,3,1
7,2.2245,0,8,1
10,3.024,1,1,1
3,-0.6451,0,1,0
2,-0.7331,0,0,0
4,0.8847,0,0,0
0,-0.0489,0,0,0
3,-0.8912,0,1,0
1,0.5442,0,0,0
4,0.4248,0,1,0
1,-0.4205,0,2,0
2,-1.0,0,0,0
2,0.7696,0,0,0
1,0.2362,0,0,0
4,0.9229,0,1,0
1,0.0543,0,0,0
2,0.0219,0,0,0
0,-0.792,0,0,0
3,-0.1132,0,0,0
3,1.0305,0,0,0
0,-0.383,0,0,0
0,-0.1772,0,0,0
5,-0.3821,0,0,0
2,0.1754,0,0,0
2,-0.7397,0,0,0
10,2.2321,0,4,1
1,-0.4623,0,1,0
2,0.5851,0,0,0
1,0.4675,1,0,0
0,-1.0,0,0,0
2,-0.0178,0,0,0
2,-0.0271,0,1,0
1,0.2219,0,1,0
2,0.0355,0,0,0
10,1.9723,1,3,1
0,0.7009,0,0,0
5,1.7394,1,3,1
2,-0.8638,0,0,0
1,0.2442,0,0,0
1,0.6582,0,0,0
4,-0.6423,0,1,0
0,-0.1471,0,0,0
3,-0.3677,0,0,0
1,1.2756,0,1,0
9,1.3281,1,4,1
3,0.3554,0,0,0
2,-0.1925,0,0,0
2,-0.5063,0,0,0
1,-0.1708,0,0,0
7,-0.3106,1,1,1
8,1.9681,1,4,1
2,-0.377,0,1,0
5,1.3717,1,3,1
0,-0.8988,0,1,0
0,-0.0385,0,2,0
1,0.6263,0,0,0
1,0.7969,0,0,0
2,-0.61,0,0,0
2,1.2741,0,0,0
2,-0.0392,0,1,0
1,-1.0,0,0,0
1,0.1055,0,0,0
10,2.9484,1,8,1
2,1.6601,0,0,0
2,1.0991,0,0,0
2,0.5524,0,1,0
9,0.608,0,2,1
2,-1.0,0,0,0
1,-0.218,1,1,0
2,0.5442,0,0,0
6,1.0428,1,0,0
1,-1.0,0,0,0
1,0.4545,0,0,0
0,-0.0783,0,1,0
0,-1.0,0,1,0
2,-1.0,0,1,0
3,-0.3588,1,0,0
0,0.057,0,0,0
2,-0.7142,0,0,0
3,-0.099,0,0,0
1,0.4327,0,0,0
1,1.3566,0,0,0
2,-0.5133,0,1,0
2,-1.0,1,0,0
0,-0.2125,0,0,0
3,-0.6591,0,1,0
2,1.5388,0,0,0
4,0.1785,0,0,0
0,-0.6418,0,0,0
0,0.5466,0,0,0
1,-0.7028,0,0,0
13,1.5111,0,2,1
1,-0.0918,0,0,0
2,0.6383,0,0,0
14,2.413,1,2,1
9,4.8,1,3,1
0,0.3167,0,0,0
2,0.5262,0,0,0
0,-1.0,0,0,0
1,0.4624,0,2,0
3,-0.104,0,0,0
11,2.2327,1,4,1
0,0.75,0,1,0
3,0.6877,0,0,0
3,-1.0,0,0,0
1,0.3346,1,0,0
4,0.4144,0,1,0
0,-0.6078,1,0,0
1,-0.4404,0,0,0
1,0.3847,0,0,0
2,-0.238,0,0,0
2,-0.653,0,1,0
2,0.5684,0,0,0
2,0.5627,0,0,0
3,-0.0501,0,1,0
0,-1.0,0,0,0
8,2.5092,0,3,1
2,-0.0178,0,0,0
3,1.7473,0,0,0
1,1.0035,0,1,0
3,0.285,0,0,0
1,-0.4891,0,0,0
0,0.3395,0,0,0
0,0.0116,0,1,0
11,2.5927,1,2,1
1,-0.0734,0,0,0
1,1.0853,0,0,0
2,-0.4679,0,0,0
2,-1.0,0,1,0
3,-0.5904,0,0,0
5,-0.0689,0,0,0
1,-0.0113,0,0,0
4,-0.8238,0,0,0
3,0.1863,0,1,0
1,0.7157,0,0,0
10,3.4154,1,5,1
7,2.8543,0,3,1
0,-0.4118,1,0,0
8,1.9347,0,0,1
1,0.7785,0,0,0
1,0.0155,0,1,0
2,0.506,0,1,0
8,2.3534,1,5,1
2,0.0285,1,2,0
0,-0.0287,0,1,0
2,0.5848,0,1,0
0,0.6087,0,1,0
1,0.524,0,0,0
2,0.6979,0,0,0
2,-0.5199,0,3,0
0,0.0555,0,0,0
0,-0.6315,1,0,0
3,-0.3099,0,0,0
7,3.1174,0,6,1
2,-0.5165,0,0,0
0,-0.8613,0,1,0
1,-0.549,0,1,0
1,-0.9496,0,0,0
2,-0.9912,0,1,0
3,-0.4861,0,1,0
0,-0.0905,1,0,0
0,0.4845,0,0,0
1,0.1264,0,1,0
2,-1.0,0,0,0
1,-0.0425,0,0,0
1,1.0809,0,0,0
3,0.2125,0,0,0
1,-1.0,0,0,0
1,-0.0633,0,0,0
1,-0.301,0,0,0
2,-0.5335,0,0,0
2,-1.0,0,0,0
1,-1.0,0,0,0
9,3.7473,1,6,1
2,-0.6588,0,0,0
1,-0.6504,0,0,0
0,-0.0392,0,0,0
1,0.5567,0,1,0
4,-0.607,0,0,0
16,3.5563,1,1,1
2,-0.2761,0,0,0
0,-0.5874,0,1,0
2,1.1578,1,2,0
1,-1.0,1,0,0
3,0.1144,0,0,0
1,0.6112,0,1,0
0,-0.3322,0,1,0
1,0.1486,0,0,0
4,-0.8468,0,0,0
3,0.7542,0,1,0
2,-1.0,0,2,0
0,0.6854,0,0,0
7,2.3974,1,4,1
1,-0.2522,0,1,0
1,0.1855,0,2,0
2,0.3264,0,0,0
0,0.1943,0,1,0
1,-0.7485,0,1,0
2,-0.3863,0,0,0
1,-1.0,0,0,0
1,-0.0908,0,1,0
3,0.9275,1,0,0
1,-0.5792,0,0,0
2,-0.0744,0,0,0
1,-0.0399,0,0,0
2,-0.6688,0,0,0
2,-0.9472,1,0,0
1,-0.5825,0,0,0
2,0.6624,0,1,0
0,0.9168,0,0,0
2,0.6766,0,0,0
2,-0.7607,0,1,0
4,0.2505,0,1,0
0,-0.8737,0,0,0
3,3.2125,0,6,1
0,0.5367,1,2,0
3,-0.5399,0,0,0
1,-0.2149,0,1,0
8,2.992,0,3,1
0,0.0005,0,0,0
1,1.0342,0,0,0
0,-0.0607,0,0,0
11,3.6065,1,7,1
0,-0.2725,0,0,0
2,1.1536,0,2,0
8,1.7252,1,3,1
1,0.9834,0,0,0
0,-0.1901,0,0,0
2,1.0602,0,0,0
0,0.1175,0,2,0
0,-0.1176,0,0,0
2,0.0985,0,0,0
4,-0.3854,0,0,0
2,-0.773,0,0,0
3,-0.4611,0,1,0
1,-0.897,0,0,0
3,-0.7758,0,1,0
0,-0.0074,0,0,0
2,-1.0,0,0,0
7,0.0088,1,8,1
4,-1.0,0,1,0
2,0.8569,0,0,0
1,-1.0,0,0,0
0,0.0413,0,0,0
14,1.6396,0,0,1
1,-1.0,0,0,0
3,0.4576,0,0,0
2,0.4178,0,0,0
0,-0.5586,0,0,0
3,0.4151,0,0,0
5,2.9998,1,2,1
2,0.0155,0,0,0
1,0.9524,1,0,0
8,2.6373,1,3,1
0,0.1697,0,0,0
3,-0.2029,0,0,0
2,0.2489,0,0,0
2,-0.2691,0,0,0
0,0.041,0,1,0
0,0.7035,0,0,0
4,0.4007,0,0,0
13,3.8636,1,6,1
1,-0.6908,0,0,0
0,-0.5494,0,0,0
0,1.0958,0,0,0
0,-1.0,0,1,0
0,1.6337,0,0,0
2,-0.8762,0,1,0
0,-0.3255,0,0,0
1,-0.185,0,1,0
1,0.5013,0,0,0
3,-0.4909,0,0,0
2,-1.0,0,0,0
0,0.533,0,1,0
1,-0.5826,0,0,0
4,0.4092,0,0,0
3,-0.9409,0,0,0
2,0.0034,0,0,0
0,-1.0,0,0,0
1,-0.7601,0,0,0
9,2.2743,1,5,1
0,0.7956,0,0,0
1,0.0828,0,0,0
12,2.1388,1,8,1
2,0.4347,0,0,0
1,-0.6785,0,1,0
1,-0.4269,1,0,0
3,0.795,0,0,0
6,2.6386,1,1,1
2,-0.7729,0,0,0
2,-0.2521,1,0,0
3,-1.0,0,0,0
11,1.8158,0,0,1
9,2.3647,0,1,1
1,-0.6475,0,0,0
1,1.6746,0,0,0
1,0.145,0,0,0
7,3.2735,1,5,1
4,-1.0,0,2,0
1,-0.1461,0,0,0
0,-1.0,0,0,0
13,1.5014,1,4,1
0,-1.0,1,0,0
1,-1.0,0,0,0
7,2.2341,1,1,1
0,-1.0,0,0,0
1,-0.2417,0,0,0
1,1.3752,0,0,0
2,-1.0,0,0,0
2,1.3625,0,0,0
9,1.5348,0,3,1
0,-1.0,0,0,0
1,-1.0,0,0,0
2,0.5606,0,0,0
4,2.2576,1,8,1
3,-0.5828,0,0,0
2,0.4048,0,0,0
2,-0.1433,0,0,0
4,-0.3462,0,0,0
0,1.0023,0,0,0
1,-1.0,1,0,0
1,0.7137,0,0,0
0,-0.0605,0,0,0
0,-0.3148,0,0,0
6,2.5094,1,6,1
3,-0.6597,0,0,0
0,1.5932,1,0,0
12,5.0,1,2,1
9,2.752,1,2,1
1,0.4022,0,0,0
8,1.998,0,2,1
2,-0.5361,0,0,0
1,-0.3442,0,0,0
5,0.1676,0,0,0
3,1.0141,0,0,0
2,0.1871,0,1,0
0,1.1768,0,0,0
3,0.2774,0,0,0
0,1.0563,0,0,0
5,1.7068,1,4,1
2,0.0578,0,1,0
1,0.5219,0,0,0
1,0.0144,1,0,0
0,-0.538,0,0,0
0,-1.0,1,0,0
2,1.6998,0,0,0
0,1.8172,0,0,0
1,0.4001,0,0,0
2,0.007,1,0,0
0,1.0809,1,0,0
2,1.8217,0,0,0
0,-0.3669,1,0,0
4,-0.6605,0,0,0
0,0.1595,0,0,0
13,3.4661,0,9,1
0,0.1167,0,0,0
3,-0.8318,0,0,0
1,0.6111,0,0,0
2,-0.5672,0,0,0
2,0.5319,0,0,0
1,0.1922,0,0,0
1,0.1257,0,0,0
1,-0.9227,0,1,0
0,-0.289,1,1,0
0,0.2248,0,2,0
2,0.3407,0,1,0
1,0.9558,0,0,0
0,-1.0,0,0,0
7,3.6864,1,2,1
2,0.1604,0,0,0
2,0.6561,0,0,0
1,-1.0,1,0,0
0,0.0202,0,0,0
1,-1.0,0,0,0
2,0.4354,0,0,0
4,-0.4556,0,0,0
5,0.2845,0,0,0
2,-0.8764,0,1,0
6,2.0205,0,5,1
2,-0.4142,0,1,0
3,-1.0,0,0,0
2,0.3234,0,0,0
3,0.2213,0,0,0
1,0.8811,0,0,0
2,-0.4197,0,0,0
0,0.7921,1,0,0
7,3.2915,1,4,1
5,2.2283,0,6,1
1,-0.0176,0,1,0
3,0.5543,0,0,0
0,0.1009,0,0,0
1,-0.6849,0,0,0
0,0.6345,0,0,0
1,-0.2975,0,0,0
2,-0.8369,0,1,0
7,2.2542,1,6,1
0,0.2962,0,0,0
9,1.4293,0,4,1
1,-0.8256,0,0,0
1,0.6559,0,0,0
0,0.3835,0,0,0
1,-0.5338,0,0,0
2,0.4036,0,0,0
0,-0.6091,0,0,0
1,-0.0291,0,0,0
2,0.6586,0,0,0
2,0.4248,0,0,0
4,-0.3298,1,0,0
2,0.1748,0,1,0
3,3.5422,1,6,1
1,0.1109,1,0,0
2,0.8431,0,0,0
10,3.5096,0,4,1
0,-0.0056,0,0,0
0,-0.4262,0,1,0
7,2.348,0,2,1
5,0.0278,0,1,0
2,0.9534,1,0,0
1,0.0228,0,0,0
0,-0.676,0,0,0
12,2.4214,1,4,1
5,0.3358,0,2,0
0,-0.8192,0,1,0
0,0.305,0,0,0
1,0.8013,0,0,0
2,-0.4633,0,0,0
4,0.8501,0,0,0
0,0.4387,0,0,0
0,0.0694,0,0,0
0,0.1428,0,1,0
11,3.4622,1,4,1
1,0.4703,0,2,0
0,0.3067,0,0,0
6,2.0775,1,1,1
1,0.9168,0,0,0
2,0.1638,0,0,0
1,-1.0,0,0,0
1,1.9882,1,1,0
2,0.1795,0,0,0
0,-0.9556,0,0,0
1,0.5913,0,1,0
1,-0.3449,0,1,0
7,3.6585,1,3,1
4,0.0744,0,0,0
0,0.1794,0,1,0
2,0.1254,0,0,0
7,1.1305,1,3,1
0,0.3682,1,0,0
1,0.2881,0,0,0
10,3.6065,1,9,1
1,-0.0647,0,0,0
0,0.9453,0,1,0
1,-0.841,0,0,0
5,-0.9228,0,0,0
2,0.7965,0,0,0
2,0.3099,0,0,0
1,1.1313,0,1,0
4,0.038,0,1,0
1,-0.2853,0,1,0
1,-0.6327,0,0,0
7,2.9556,1,5,1
1,0.1128,0,0,0
1,0.4772,0,0,0
1,-0.4408,0,1,0
4,-0.5323,0,1,0
2,-0.2539,0,0,0
1,0.4081,0,0,0
3,0.0905,0,0,0
1,-0.8779,0,0,0
0,-1.0,0,1,0
2,0.4136,0,0,0
2,0.4119,0,0,0
0,2.5945,1,0,0
5,2.5036,1,2,1
1,1.1617,1,0,0
1,0.2286,0,1,0
2,-0.0699,0,0,0
0,-0.8485,0,1,0
1,1.0203,0,1,0
2,-1.0,0,0,0
5,0.3949,0,0,0
0,0.231,1,0,0
2,0.4723,0,0,0
11,3.7891,0,3,1
0,0.1533,0,0,0
0,-0.0159,0,0,0
1,0.2615,0,0,0
10,2.5874,1,3,1
5,3.3109,0,6,1
1,0.1191,0,0,0
2,1.3086,0,0,0
11,2.5143,0,2,1
1,0.1559,0,0,0
4,-0.9008,0,0,0
3,0.3107,0,0,0
3,-0.3972,0,0,0
1,-0.7205,0,1,0
1,1.1145,0,2,0
8,0.9833,1,1,1
2,-1.0,0,0,0
5,2.5376,1,5,1
1,0.7981,1,0,0
0,0.6512,0,2,0
1,-0.3085,0,0,0
2,0.4215,0,1,0
3,-1.0,0,0,0
0,-0.162,0,1,0
1,0.4661,0,0,0
5,0.3931,0,0,0
0,0.5691,0,0,0
3,0.0375,0,0,0
1,1.0325,0,0,0
0,1.2788,0,1,0
1,-0.1886,0,0,0
1,-0.3902,0,1,0
1,1.1112,0,0,0
1,0.1786,0,0,0
3,-1.0,0,0,0
14,3.655,1,4,1
3,0.9767,0,1,0
2,1.1076,0,0,0
1,0.6717,0,0,0
1,-0.4512,0,0,0
1,-0.4304,0,0,0
0,0.5276,0,0,0
2,-0.0556,0,0,0
2,0.1119,0,0,0
2,-0.2379,0,1,0
2,0.3589,0,0,0
3,0.2143,0,0,0
1,0.8388,0,0,0
0,-0.8219,0,0,0
2,0.0394,0,1,0
2,0.7097,0,0,0
4,0.2456,0,0,0
0,1.732,0,1,0
0,-0.634,1,0,0
1,-0.062,1,0,0
0,0.3966,0,0,0
1,-0.5347,0,0,0
2,2.2042,0,0,0
11,1.8407,1,5,1
11,2.6215,1,3,1
2,0.3117,0,0,0
9,1.9169,0,4,1
0,1.1621,0,0,0
2,-1.0,0,0,0
6,2.0652,0,3,1
0,-0.2807,0,0,0
3,-0.1728,0,0,0
2,0.4564,0,0,0
4,-0.4976,0,1,0
13,4.0408,1,3,1
1,1.1148,0,0,0
3,-0.0475,0,1,0
2,2.0392,0,0,0
6,2.5029,1,1,1
1,0.7308,0,0,0
3,0.5088,0,0,0
2,-0.5753,0,1,0
2,-0.9562,0,0,0
0,-0.4531,0,0,0
2,0.7591,0,0,0
1,0.0068,0,0,0
1,0.0272,0,0,0
11,2.6779,0,3,1
1,0.5848,0,1,0
0,-0.9783,0,1,0
9,1.0126,1,4,1
2,0.3772,0,0,0
2,-0.7744,0,0,0
2,0.6374,0,0,0
2,-0.1896,0,0,0
1,1.5178,0,0,0
1,-0.7716,0,0,0
2,-0.6995,0,0,0
5,1.9782,1,0,1
1,-0.3274,0,0,0
1,2.4903,0,0,0
9,4.0746,1,4,1
3,-0.4146,0,0,0
1,-0.7803,0,0,0
1,0.2234,0,0,0
11,1.7912,0,4,1
3,0.397,1,1,0
0,-0.7583,0,0,0
1,1.3147,0,0,0
1,0.3146,0,0,0
1,-0.0258,0,0,0
3,-1.0,0,0,0
2,0.8235,0,1,0
1,0.4467,0,2,0
1,1.0807,0,0,0
4,0.3435,0,0,0
10,3.0709,1,5,1
3,-1.0,0,1,0
1,-1.0,0,0,0
0,-1.0,0,0,0
1,1.4458,0,0,0
9,2.8916,1,2,1
3,1.7942,1,3,1
0,0.2803,0,0,0
1,-0.182,0,0,0
6,4.0413,1,1,1
4,1.9776,0,3,1
0,1.0074,0,0,0
9,2.6655,0,4,1
1,0.4122,0,0,0
3,0.2876,0,0,0
2,-0.767,1,0,0
3,1.331,1,0,0
3,-0.3144,0,1,0
2,0.2585,0,0,0
1,-0.1029,0,0,0
3,-0.5881,0,1,0
2,-1.0,0,0,0
1,0.6076,0,1,0
1,-0.4207,0,0,0
1,0.1344,0,0,0
2,-0.2404,0,0,0
1,0.7823,0,0,0
1,0.2069,0,0,0
0,-0.4094,0,0,0
4,-0.0518,0,0,0
2,-0.0044,0,0,0
0,-0.8256,0,1,0
7,2.6355,1,1,1
1,-0.5696,0,0,0
1,0.1583,0,0,0
1,0.0259,0,0,0
3,1.9723,0,4,1
3,0.1443,1,8,1
5,3.7724,0,3,1
1,0.9917,0,0,0
1,-0.1725,0,0,0
2,0.2787,0,0,0
6,0.5089,1,4,1
2,0.3277,0,1,0
1,1.0181,0,0,0
1,0.6966,0,1,0
2,-0.4177,0,0,0
1,0.8769,0,1,0
2,0.8778,0,0,0
2,-0.4401,0,0,0
3,-0.3771,0,0,0
3,-0.3005,0,1,0
0,-0.3107,0,0,0
0,1.3429,0,1,0
2,0.5727,0,0,0
2,-0.308,0,0,0
0,-1.0,0,0,0
0,1.8463,0,0,0
2,0.6726,0,0,0
13,2.2846,0,0,1
7,2.9458,1,1,1
1,0.7049,0,0,0
0,-0.5106,0,1,0
3,-0.6174,0,0,0
6,2.9981,0,4,1
1,0.4267,0,0,0
0,-0.475,0,1,0
0,0.8015,0,0,0
2,0.0586,0,2,0
8,3.6896,0,2,1
0,-0.121,0,0,0
0,-0.6231,0,0,0
1,0.6893,0,1,0
10,4.5604,1,4,1
0,-0.1982,1,1,0
5,2.3282,1,4,1
4,0.4558,1,0,0
2,0.0018,0,1,0
9,1.5379,1,6,1
8,2.5717,0,4,1
1,0.6384,0,0,0
2,0.3166,0,0,0
2,0.6626,0,1,0
1,-1.0,0,0,0
3,-0.5434,0,0,0
1,-0.2429,0,0,0
0,0.2296,0,1,0
9,2.5225,1,4,1
1,-0.4574,0,0,0
1,0.5243,0,1,0
1,-1.0,0,0,0
1,0.4534,0,2,0
1,0.2913,0,0,0
2,0.141,0,0,0
0,-0.7046,1,0,0
3,0.1816,0,0,0
8,4.3955,1,3,1
2,0.8047,0,0,0
7,1.5551,1,0,1
2,-0.1452,0,1,0
8,1.2023,1,3,1
1,0.6351,0,1,0
1,-0.3225,0,0,0
0,0.2227,0,0,0
1,0.6758,1,0,0
1,0.3037,0,0,0
0,-0.4676,0,0,0
4,1.5782,0,3,1
8,1.8463,1,5,1
7,3.9985,0,1,1
3,1.5061,1,5,1
7,2.6823,0,1,1
2,0.8057,0,0,0
7,2.0493,1,2,1
2,-0.0917,0,0,0
6,1.0482,0,0,0
7,2.0091,0,2,1
4,2.6937,0,4,1
0,-0.6674,0,1,0
0,-0.12,0,1,0
8,2.0784,1,5,1
4,2.3662,1,2,1
0,1.2991,0,1,0
0,0.4366,0,1,0
2,-1.0,0,0,0
3,0.8057,0,0,0
1,0.7654,0,0,0
7,2.1507,1,2,1
9,2.0887,0,6,1
0,-0.1465,0,0,0
0,0.682,0,0,0
1,-1.0,0,0,0
0,-0.2334,0,0,0
12,4.2648,1,3,1
0,-0.9876,0,1,0
1,1.0426,1,0,0
2,0.5856,1,0,0
11,2.6434,1,4,1
1,1.2242,0,0,0
8,3.3878,0,1,1
0,-0.1133,0,1,0
1,-0.3661,0,1,0
2,-0.3178,0,0,0
0,0.3074,0,1,0
2,0.021,0,1,0
1,0.3842,0,0,0
2,-1.0,0,0,0
0,0.6127,1,0,0
2,0.1164,0,0,0
6,0.6175,1,4,1
2,-0.4301,0,0,0
11,4.3685,1,2,1
2,-0.0626,0,0,0
13,3.0791,1,4,1
1,0.1969,0,1,0
0,0.4662,0,0,0
11,2.6456,0,4,1
0,-0.1713,0,0,0
1,-1.0,0,0,0
7,1.4843,0,6,1
11,1.2262,0,4,1
1,-0.7302,0,0,0
3,0.0894,0,1,0
2,0.9445,0,0,0
1,0.5318,0,0,0
2,-0.6609,0,0,0
2,0.0113,0,0,0
9,4.4688,1,5,1
1,-0.6755,0,0,0
3,-0.5975,0,0,0
0,0.0103,0,0,0
4,-0.0545,0,0,0
4,3.1943,1,2,1
1,0.7529,0,1,0
0,-0.9598,1,1,0
3,-0.8068,0,0,0
3,-0.1057,0,0,0
3,-0.0359,0,0,0
2,0.6464,0,1,0
1,0.6038,1,1,0
0,0.3091,0,0,0
3,-0.8322,0,1,0
4,0.871,0,0,0
2,-1.0,0,0,0
4,-1.0,0,0,0
1,0.2595,0,0,0
9,3.4606,0,5,1
0,-0.5717,0,0,0
0,-0.2593,1,1,0
2,-1.0,0,0,0
6,2.7,0,7,1
2,1.2918,0,0,0
0,0.6775,1,0,0
10,2.2394,1,5,1
8,2.7174,1,2,1
2,0.4951,0,0,0
3,0.8512,1,0,0
2,1.036,0,0,0
2,-1.0,0,0,0
1,-0.5451,0,0,0
1,-0.0804,0,0,0
2,0.4987,0,1,0
1,0.9762,0,1,0
10,2.4379,1,2,1
2,-0.5019,0,0,0
4,0.2577,0,0,0
5,1.5534,1,6,1
2,0.0481,0,0,0
3,-0.4913,0,1,0
2,-0.5853,0,0,0
2,0.405,0,0,0
1,0.236,0,0,0
1,-0.6233,0,0,0
1,1.3696,0,0,0
0,-0.0858,0,0,0
0,-1.0,0,0,0
0,-1.0,0,1,0
1,0.0181,1,0,0
1,2.0092,0,0,0
3,-0.3299,0,0,0
1,-0.8142,0,1,0
3,1.4844,0,0,0
0,-0.9378,0,0,0
2,0.4833,0,0,0
1,-0.8733,0,0,0
0,-1.0,0,0,0
2,-1.0,0,0,0
1,0.082,0,0,0
1,-1.0,0,0,0
2,-1.0,0,0,0
1,-1.0,0,0,0
2,-0.0851,0,0,0
2,1.4564,0,0,0
2,1.6375,0,0,0
1,-0.0705,0,1,0
0,-0.318,1,1,0
0,-0.7082,0,1,0
0,0.0638,0,0,0
1,-1.0,0,1,0
1,-0.9416,0,1,0
0,-0.1751,0,0,0
2,-0.1772,0,0,0
3,-1.0,0,0,0
1,-0.1527,0,0,0
4,-1.0,0,0,0
2,-0.2281,0,0,0
1,-0.0459,0,0,0
2,1.2073,0,1,0
3,-1.0,0,0,0
12,0.975,1,6,1
0,-1.0,0,0,0
1,0.2556,0,2,0
2,0.4026,1,0,0
2,-1.0,0,0,0
2,0.6272,1,0,0
11,3.5654,0,3,1
5,3.5451,1,4,1
1,1.0273,0,1,0
2,-1.0,0,1,0
5,-0.6327,0,0,0
3,0.9535,0,0,0
1,0.2327,0,0,0
2,0.5124,0,1,0
1,0.0676,0,1,0
1,-0.3235,0,0,0
3,-1.0,0,0,0
2,-0.2905,0,0,0
1,0.4301,0,0,0
4,0.2414,0,0,0
1,1.3985,0,1,0
1,1.6543,0,1,0
4,0.3971,0,0,0
4,-0.9554,0,1,0
0,0.6702,0,0,0
1,-0.1123,0,0,0
5,2.9867,1,6,1
2,-0.8722,0,0,0
15,2.599,0,3,1
2,0.0141,0,1,0
8,2.7453,1,4,1
0,0.1541,0,0,0
1,1.1396,0,0,0
0,0.37,0,0,0
0,0.2789,0,0,0
1,-0.1645,0,0,0
2,-1.0,0,1,0
1,-1.0,0,0,0
3,0.4958,0,0,0
3,1.2787,0,0,0
2,-1.0,0,0,0
0,-1.0,0,0,0
1,-1.0,0,0,0
7,4.4075,0,3,1
0,0.7435,1,0,0
2,-0.3981,0,0,0
1,-0.9956,0,0,0
1,-0.2562,0,0,0
2,1.9584,1,2,1
0,-0.9257,0,1,0
4,-0.046,0,0,0
1,-1.0,0,0,0
0,-0.1262,1,0,0
1,-0.4866,0,0,0
1,-0.8619,0,0,0
1,0.4741,0,0,0
0,0.1948,1,0,0
2,1.0489,0,0,0
0,0.3662,0,0,0
1,-0.9738,0,0,0
0,0.0316,0,1,0
9,2.1083,1,3,1
1,0.3715,0,0,0
2,0.3993,0,0,0
3,-0.8297,0,0,0
1,-0.6855,0,0,0
2,0.8595,0,0,0
0,-0.3689,0,0,0
4,0.2011,0,0,0
1,0.4425,0,0,0
1,-0.2294,0,0,0
2,-1.0,0,0,0
4,4.8491,0,1,1
1,-0.0065,0,0,0
1,-1.0,0,0,0
1,-1.0,0,0,0
1,1.4951,0,1,0
4,-0.4776,0,0,0
3,0.2885,0,0,0
3,-1.0,0,0,0
6,-0.1001,0,0,0
0,-0.8405,0,0,0
1,-1.0,0,1,0
4,0.9996,0,1,0
3,-0.0647,0,0,0
2,1.3353,0,0,0
0,0.2531,0,0,0
1,-0.4423,0,1,0
3,0.2584,0,1,0
11,3.5975,1,2,1
12,3.8985,1,4,1
1,-0.031,0,1,0
0,0.6524,0,0,0
0,-0.644,0,0,0
9,2.1597,1,2,1
0,0.9878,1,0,0
1,-0.5205,0,0,0
2,0.2373,0,0,0
2,0.1813,0,0,0
2,0.1702,0,0,0
10,2.3497,1,2,1
1,-0.7523,0,0,0
0,-0.2101,0,0,0
4,1.5562,0,0,0
1,0.8772,0,0,0
7,1.8107,1,2,1
12,2.3453,0,3,1
3,-0.3522,0,0,0
0,0.8101,0,0,0
2,-1.0,0,0,0
3,-0.6441,0,0,0
1,0.6417,0,0,0
3,0.6174,0,0,0
2,0.4689,0,0,0
11,1.6543,1,3,1
1,-0.8818,0,1,0
2,0.4002,0,0,0
1,0.8558,0,0,0
1,-0.6852,1,0,0
2,-0.1132,0,0,0
1,0.5628,0,0,0
2,-0.1203,1,0,0
0,0.1402,0,0,0
2,-0.0483,0,1,0
0,0.1944,0,0,0
0,0.1945,0,1,0
0,-0.1137,0,0,0
8,1.2705,1,4,1
2,-0.1749,0,0,0
0,-0.0987,0,1,0
2,-1.0,0,0,0
1,0.0057,1,1,0
5,1.223,0,0,0
9,1.7692,1,3,1
1,-0.4449,0,0,0
2,-0.2393,0,0,0
2,1.1622,0,2,0
2,0.4109,0,0,0
3,-0.4252,0,0,0
1,1.3595,0,1,0
4,1.6337,0,0,0
14,2.7333,1,2,1
1,-0.3102,0,0,0
10,2.774,1,3,1
0,-0.3638,0,0,0
1,0.559,0,0,0
1,0.3889,0,0,0
1,0.2573,0,0,0
1,-0.2102,0,0,0
1,0.1908,0,0,0
1,0.417,0,1,0
2,-0.754,0,1,0
10,3.5277,0,3,1
1,0.3425,0,0,0
5,-0.5864,1,0,0
6,2.5308,1,6,1
0,0.0625,0,0,0
2,-1.0,0,0,0
2,1.1364,0,0,0
1,0.8595,0,0,0
1,0.3898,0,0,0
3,0.2378,0,0,0
1,-0.3199,0,1,0
1,-1.0,0,0,0
2,0.0781,0,0,0
2,-0.7877,0,0,0
3,0.8284,0,0,0
3,-0.7183,0,0,0
2,1.9155,0,0,0
1,0.1552,0,0,0
5,2.6031,1,2,1
2,-0.178,0,0,0
1,-0.3214,0,0,0
5,-0.4773,0,0,0
1,0.2328,1,0,0
2,-0.0592,0,2,0
0,-0.0513,0,0,0
0,-0.9391,0,0,0
8,1.7262,1,3,1
1,0.6151,0,0,0
1,0.2912,0,0,0
1,-1.0,0,0,0
1,0.2548,0,2,0
2,-0.3627,0,0,0
10,3.1458,0,7,1
0,0.5999,0,0,0
1,0.7662,0,0,0
2,-1.0,0,0,0
6,-0.7516,0,1,0
1,0.2459,0,0,0
1,1.1431,0,2,0
1,0.7743,0,1,0
2,-0.0835,0,1,0
10,3.0069,1,2,1
2,0.9022,0,0,0
1,0.0121,0,0,0
2,-0.1493,0,0,0
0,-0.5678,0,0,0
1,-0.1888,0,0,0
2,-1.0,0,1,0
2,-0.0479,0,0,0
2,-1.0,0,0,0
1,0.9474,0,1,0
2,0.3958,0,1,0
2,-0.1283,0,0,0
2,0.0891,0,0,0
4,-1.0,0,2,0
1,-0.1285,0,0,0
0,-0.8857,0,0,0
0,0.7667,0,0,0
1,-0.6804,0,0,0
1,-1.0,0,1,0
1,-0.5229,0,0,0
2,1.033,0,0,0
4,-0.7884,0,0,0
2,0.7831,1,0,0
10,4.3116,1,3,1
1,0.2058,0,0,0
0,0.0013,0,1,0
0,1.0175,0,0,0
3,-1.0,0,1,0
6,3.7167,0,2,1
1,0.3393,1,0,0
3,0.4025,0,0,0
1,0.2118,0,0,0
0,-0.0618,0,0,0
6,1.1062,1,2,1
1,1.0818,0,1,0
3,-0.4386,0,0,0
1,-0.5915,0,1,0
0,0.7597,0,0,0
3,3.6329,1,4,1
0,-0.9062,0,0,0
1,-1.0,0,0,0
1,0.2397,0,0,0
2,-0.9435,0,0,0
3,0.9374,0,0,0
0,-0.419,0,0,0
2,0.2809,1,2,0
10,2.6184,1,5,1
1,0.1651,0,0,0
3,0.6261,0,0,0
11,1.2865,0,4,1
1,1.381,0,1,0
0,-0.6819,0,2,0
0,1.5481,0,0,0
0,-0.8158,0,2,0
2,1.325,0,0,0
1,0.6797,0,0,0
0,0.5485,0,0,0
3,0.0629,0,0,0
2,-1.0,0,0,0
0,-0.6711,0,0,0
2,1.5626,0,0,0
5,2.8975,1,1,1
2,0.1949,0,0,0
1,0.3948,1,1,0
1,-0.6675,0,1,0
9,3.537,1,3,1
2,-0.8737,0,0,0
1,-1.0,0,0,0
1,0.429,0,0,0
1,-0.3863,0,0,0
1,-0.1971,0,0,0
1,0.2596,0,1,0
0,-0.7725,0,0,0
3,0.6269,0,0,0
0,0.2461,0,0,0
2,-1.0,0,1,0
3,0.9557,0,0,0
1,1.1607,0,0,0
11,1.108,1,8,1
4,-0.3663,1,0,0
8,2.8862,1,2,1
1,-0.4645,0,0,0
0,0.695,0,0,0
1,-0.157,0,0,0
2,0.7426,0,1,0
5,-0.9373,0,1,0
3,0.278,1,0,0
1,-0.317,0,0,0
1,-0.7951,0,0,0
0,-0.1566,0,0,0
0,1.3037,0,0,0
0,0.1685,0,0,0
2,3.7725,1,4,1
5,0.086,0,0,0
2,-0.2743,0,0,0
1,0.9901,0,0,0
0,-0.1201,0,0,0
1,1.1608,0,0,0
6,2.4598,1,2,1
1,0.1589,0,1,0
2,-0.2576,0,1,0
3,0.9564,0,2,0
1,-0.1202,0,1,0
0,-0.1275,0,0,0
2,-0.4099,0,0,0
4,0.2812,0,0,0
1,-0.255,0,1,0
12,1.7488,1,1,1
8,0.6303,0,5,1
2,0.864,0,1,0
1,-0.923,0,0,0
0,-0.0463,0,0,0
3,-0.8397,0,0,0
3,-0.9209,0,0,0
1,-1.0,0,0,0
7,1.8134,1,7,1
2,0.2108,0,1,0
1,0.7459,0,0,0
0,0.3902,0,0,0
1,0.7642,0,0,0
1,0.1284,0,1,0
6,3.4157,1,4,1
0,0.0617,0,0,0
2,-0.8893,1,1,0
1,0.5165,0,0,0
1,0.5351,0,0,0
1,-1.0,0,0,0
4,-0.6503,1,0,0
2,0.7232,0,0,0
0,1.7481,1,0,0
1,-0.1098,0,0,0
1,-1.0,0,0,0
5,1.2498,0,10,1
1,-1.0,0,0,0
1,1.757,0,0,0
9,1.9133,1,2,1
1,0.7351,0,1,0
1,0.2461,0,0,0
1,-1.0,0,0,0
1,0.2689,0,0,0
1,0.157,0,0,0
1,-1.0,0,1,0
2,0.8847,0,0,0
0,-0.5638,0,0,0
1,0.065,0,1,0
3,-0.8045,0,1,0
1,-1.0,0,0,0
2,0.8979,0,0,0
12,0.9854,0,4,1
2,-1.0,0,0,0
3,0.6891,1,0,0
8,2.5872,0,4,1
13,3.5865,1,2,1
1,-0.6765,1,0,0
2,-1.0,0,0,0
4,-0.339,0,1,0
2,-1.0,0,0,0
10,3.834,0,2,1
12,3.2139,0,2,1
0,-1.0,1,0,0
4,-0.4719,0,0,0
3,-0.396,0,0,0
2,-1.0,0,0,0
4,1.2835,0,0,0
1,0.3185,0,0,0
1,-1.0,0,0,0
1,-0.0079,0,0,0
1,0.6716,0,1,0
1,-0.7955,0,0,0
0,-0.1057,0,1,0
2,-0.2051,0,0,0
1,0.3341,0,0,0
3,0.6653,0,0,0
5,-0.3873,0,0,0
0,-0.1993,0,0,0
2,-0.4864,1,0,0
0,1.0369,0,0,0
0,1.7239,0,0,0
3,2.8155,1,6,1
1,-0.3906,0,0,0
0,1.1626,1,1,0
0,-1.0,0,1,0
2,0.3787,0,0,0
4,0.1378,0,0,0
2,0.2905,0,0,0
7,1.5456,0,3,1
1,0.4699,0,0,0
3,0.7388,0,2,0
0,-0.6054,0,1,0
0,-0.5728,0,0,0
1,-0.7793,0,0,0
0,0.7663,0,0,0
6,3.0754,1,1,1
2,0.8615,0,0,0
0,1.3419,0,0,0
2,-0.099,0,0,0
1,-0.1266,0,0,0
2,-0.3967,0,0,0
10,1.1858,1,2,1
10,2.4867,0,2,1
2,1.6424,0,0,0
3,-0.5259,0,0,0
6,2.8933,0,1,1
1,-0.5918,0,0,0
2,-0.1403,0,0,0
3,0.0663,0,1,0
10,2.8456,1,6,1
1,0.1515,0,0,0
1,-0.0412,0,1,0
3,1.247,0,2,0
4,-0.4014,0,0,0
5,2.4138,0,4,1
3,-0.6212,0,0,0
2,-0.224,0,0,0
1,-0.2445,0,0,0
1,0.71,1,0,0
1,-0.0276,0,0,0
2,0.4698,0,1,0
0,0.0583,0,0,0
2,1.1913,0,0,0
1,-0.4278,0,0,0
5,0.877,1,2,1
0,-0.6369,0,0,0
3,0.1083,0,0,0
0,0.3163,0,0,0
7,2.5134,1,5,1
4,-0.4654,0,0,0
0,0.9746,0,1,0
1,0.5726,0,0,0
0,-0.3678,0,0,0
1,1.6398,0,0,0
3,-0.9491,0,0,0
2,1.0901,0,0,0
3,0.2647,0,1,0
3,-1.0,0,0,0
2,0.9428,0,1,0
12,3.3549,1,0,1
0,-1.0,0,1,0
1,-0.9584,0,0,0
0,-1.0,0,0,0
2,-1.0,0,1,0
2,-0.1146,0,0,0
3,-1.0,0,0,0
1,-0.7205,0,1,0
2,0.3803,0,0,0
2,0.8575,0,0,0
8,2.0701,0,3,1
0,0.4569,0,0,0
1,-0.4788,0,0,0
2,-0.288,0,0,0
4,2.3053,1,3,1
1,0.1276,0,0,0
0,0.8172,0,0,0
1,-1.0,0,0,0
8,3.4493,0,5,1
2,0.5323,0,0,0
3,0.3106,0,1,0
6,1.0895,0,2,1
3,1.0587,1,5,1
0,-0.8116,0,0,0
0,-0.1021,0,0,0
8,3.2173,1,6,1
4,-0.7102,0,0,0
3,2.863,1,3,1
0,-0.1423,0,0,0
2,-0.1297,0,0,0
5,0.9398,1,6,1
1,-0.7661,0,0,0
1,-1.0,0,0,0
0,0.7757,1,0,0
2,0.5775,0,0,0
1,1.2276,0,0,0
0,-0.5011,0,0,0
0,0.2856,0,0,0
1,-1.0,0,1,0
1,0.459,1,0,0
1,0.6052,0,0,0
1,1.0603,0,1,0
2,0.1029,0,0,0
3,2.585,1,2,1
0,0.8459,0,0,0
9,3.4397,1,3,1
6,2.1649,1,6,1
2,-0.4687,0,2,0
2,0.8954,0,0,0
2,0.3781,0,0,0
0,-0.7943,0,1,0
0,-1.0,0,0,0
2,0.984,0,0,0
0,0.6745,0,0,0
2,1.4795,1,0,0
2,0.9545,0,1,0
1,0.8201,0,0,0
0,-0.3806,0,0,0
2,-0.4283,0,0,0
3,0.6471,0,0,0
3,-0.3333,0,1,0
1,-0.2022,1,0,0
0,-0.1575,0,0,0
1,0.1691,0,0,0
5,-0.5596,0,0,0
2,-0.8689,0,0,0
0,1.1974,0,0,0
0,-0.1265,0,0,0
1,1.2876,0,0,0
1,-0.3717,0,0,0
2,0.193,0,0,0
1,-0.1887,1,0,0
2,0.1049,0,0,0
2,0.8521,0,1,0
4,0.3366,0,0,0
4,0.7562,0,0,0
2,-0.0089,0,0,0
2,-0.4425,0,0,0
1,0.3784,0,2,0
1,-0.5429,0,0,0
2,-0.067,0,0,0
2,0.4825,0,1,0
1,0.4732,0,0,0
1,0.9197,0,0,0
1,0.9509,0,1,0
1,-0.3389,0,1,0
3,0.5863,0,0,0
1,-0.504,1,0,0
4,0.3284,1,0,0
1,0.7567,0,0,0
0,-0.7876,0,0,0
0,-0.0303,0,0,0
2,-0.0922,0,0,0
3,0.0927,0,0,0
3,0.6319,0,0,0
2,-0.1586,0,0,0
2,-0.3135,1,0,0
0,-0.3704,0,0,0
1,0.2661,0,1,0
5,-0.7934,0,0,0
0,-0.9754,0,0,0
3,-1.0,0,0,0
3,0.1161,0,1,0
1,-0.5062,0,0,0
1,0.3839,0,1,0
1,0.1236,0,0,0
1,-1.0,0,1,0
1,-0.9436,0,0,0
0,-0.6656,0,0,0
2,-0.6219,0,0,0
2,1.8429,0,0,0
0,0.1314,0,0,0
3,-0.9512,0,1,0
2,-1.0,0,0,0
1,-0.2986,0,0,0
2,-0.6761,0,2,0
3,0.5432,0,1,0
3,-0.3355,0,0,0
16,3.0382,1,4,1
1,-1.0,0,0,0
1,0.5877,0,0,0
0,-0.902,0,1,0
2,0.0063,0,0,0
2,-0.0735,0,0,0
1,-0.1989,1,0,0
0,-0.9464,0,0,0
1,0.1733,0,0,0
3,-1.0,0,0,0
1,0.3403,0,0,0
1,-0.8789,1,0,0
7,4.4006,0,6,1
4,0.5563,1,0,0
3,0.8727,0,0,0
1,-0.2771,0,0,0
4,-0.3309,0,1,0
0,-0.3181,0,0,0
1,-0.0992,0,0,0
5,-0.1668,0,0,0
2,0.5069,0,0,0
1,0.9331,0,2,0
2,0.6978,0,1,0
1,-0.5825,0,0,0
0,0.9542,0,0,0
3,0.2459,0,0,0
3,-0.788,0,0,0
3,-0.7099,0,0,0
0,-0.9828,0,0,0
0,-0.0976,0,0,0
5,1.7257,0,2,1
0,-1.0,0,0,0
2,-0.5663,0,0,0
3,-0.1835,0,0,0
5,0.0151,0,0,0
8,-1.0,0,0,0
1,0.1661,0,0,0
1,-0.1603,0,0,0
0,1.3125,0,0,0
1,-0.4226,0,0,0
10,2.003,0,6,1
9,2.6208,1,2,1
2,0.709,0,0,0
6,1.9332,1,3,1
1,0.8432,0,0,0
12,3.2777,1,5,1
1,-0.4565,0,0,0
3,-0.4495,0,0,0
3,0.3732,0,0,0
8,2.0616,0,5,1
3,-0.0731,0,0,0
1,0.8831,0,0,0
2,1.2709,0,0,0
3,-0.6488,0,0,0
2,-0.5995,0,0,0
1,0.0364,0,0,0
2,0.713,0,0,0
3,-0.0459,0,0,0
3,-0.1782,0,0,0
2,0.0884,0,0,0
2,-1.0,0,0,0
2,0.2566,0,0,0
1,-1.0,0,0,0
7,1.6783,0,0,1
1,0.182,0,1,0
8,2.4064,0,2,1
1,-0.4887,0,2,0
1,-0.1942,0,0,0
1,1.1012,0,1,0
3,1.077,0,0,0
4,4.1776,1,1,1
2,-1.0,0,0,0
7,1.5143,1,7,1
1,-1.0,0,0,0
3,-0.5882,0,0,0
2,0.5372,0,1,0
3,0.1112,0,0,0
0,-0.0501,0,0,0
0,-0.3981,0,0,0
4,0.4056,0,1,0
5,3.1564,0,3,1
4,0.962,0,0,0
3,-0.9514,0,0,0
4,0.7204,0,0,0
0,-1.0,0,0,0
2,-0.2427,0,0,0
3,-0.0488,0,0,0
2,0.8975,0,0,0
2,1.3229,0,0,0
3,0.7861,0,0,0
10,2.6841,0,1,1
0,2.2517,0,0,0
9,1.5468,1,4,1
1,2.4521,1,3,1
0,-0.4314,0,0,0
4,-0.2614,0,0,0
3,-0.4485,0,0,0
1,-0.5538,0,0,0
1,0.6983,0,0,0
1,-0.896,0,1,0
3,-0.4236,0,0,0
1,-0.4074,0,0,0
1,-0.2273,0,0,0
0,-0.9251,0,0,0
0,-0.1159,0,0,0
0,-1.0,0,0,0
0,0.9303,0,0,0
0,-1.0,0,1,0
0,-0.9763,0,0,0
2,0.4212,0,0,0
10,3.6529,1,5,1
11,2.5147,0,5,1
2,0.39,0,1,0
4,0.1862,0,1,0
2,0.3304,0,0,0
2,0.1344,0,0,0
3,-0.1487,0,0,0
1,0.4415,0,1,0
11,1.2575,0,3,1
0,0.4871,0,1,0
1,-1.0,0,0,0
0,-0.7886,0,0,0
0,-0.8688,0,0,0
2,0.9455,0,0,0
6,1.0879,1,3,1
8,2.814,1,4,1
0,0.1422,0,0,0
0,0.3558,0,1,0
1,0.2342,0,0,0
2,-0.4486,0,1,0
7,4.1165,0,1,1
0,-0.64,0,0,0
7,1.6203,1,4,1
0,0.7465,1,0,0
3,-0.8514,0,0,0
2,-0.8562,0,0,0
2,0.3953,0,0,0
3,0.1676,0,0,0
3,-0.7123,0,1,0
2,-0.2692,0,1,0
0,-0.1805,0,0,0
1,1.0025,0,0,0
0,0.5543,0,2,0
1,-0.2641,0,0,0
2,-0.2965,0,0,0
4,0.5067,0,0,0
11,1.5103,0,2,1
1,0.1046,0,0,0
1,-0.2078,0,1,0
1,0.2633,0,0,0
1,0.6715,0,1,0
0,1.0248,0,0,0
0,-1.0,0,0,0
1,-0.0887,0,1,0
2,-0.1584,1,1,0
0,0.4186,0,1,0
2,0.4687,0,0,0
4,-0.8127,0,0,0
10,2.7285,1,7,1
7,2.3257,0,2,1
1,0.4682,0,0,0
2,-0.7014,0,0,0
2,1.1481,0,0,0
8,2.1125,1,2,1
3,-0.5039,0,0,0
0,-1.0,0,0,0
0,-1.0,0,0,0
2,0.4731,0,0,0
1,0.0011,0,0,0
1,-0.9833,0,1,0
1,-1.0,0,0,0
2,0.2154,0,0,0
4,-0.486,0,0,0
2,0.0272,1,1,0
11,3.6984,1,6,1
1,0.5612,0,0,0
2,-1.0,0,0,0
1,0.3932,1,1,0
0,0.3846,0,0,0
9,2.6225,1,6,1
1,0.594,0,0,0
2,0.1701,0,0,0
3,0.4069,1,1,0
2,1.0236,0,0,0
6,2.1407,0,2,1
0,-0.0662,0,0,0
2,0.4764,0,0,0
2,-0.0194,1,0,0
2,-0.0759,0,0,0
1,-0.6771,0,0,0
2,-0.0379,0,0,0
0,0.8076,1,0,0
0,0.8463,0,0,0
2,1.4507,1,0,0
